PLAYER_ID,PLAYER_NAME,TEAM_ABBREVIATION,AGE,GP,MIN,FGM,FGA,FG_PCT,FG3M,FG3A,FG3_PCT,FTM,FTA,FT_PCT,OREB,DREB,REB,AST,TOV,STL,BLK,PTS,PLUS_MINUS,OFF_RATING,DEF_RATING,NET_RATING,AST_PCT,OREB_PCT,DREB_PCT,REB_PCT,EFG_PCT,TS_PCT,USG_PCT,PACE,PIE,SEASON,SEASON_END,MIN_CHANGE,PTS_CHANGE,REB_CHANGE,AST_CHANGE,FG3M_CHANGE,STL_CHANGE,BLK_CHANGE,USG_PCT_CHANGE,TS_PCT_CHANGE,TARGET_SEASON_END,HAS_NEXT_SEASON,TARGET_PTS,TARGET_REB,TARGET_AST,TARGET_FG3M,TARGET_STL,TARGET_BLK
2544,LeBron James,LAL,41.0,60,33.2,7.9,15.3,0.515,1.3,4.1,0.317,3.9,5.3,0.737,0.7,5.4,6.1,7.2,3.0,1.2,0.6,20.9,2.0,115.0,112.4,2.6,0.338,0.023,0.16,0.093,0.557,0.594,0.262,100.29,0.154,2025-26,2026,-1.6999999999999957,-3.5,-1.7000000000000002,-0.9999999999999991,-0.8,0.19999999999999996,0.0,-0.02899999999999997,-0.010000000000000009,,False,,,,,,
101108,Chris Paul,LAC,41.0,16,14.2,1.1,3.5,0.321,0.6,1.9,0.333,0.1,0.1,0.5,0.4,1.4,1.8,3.3,1.0,0.7,0.0,2.9,-5.3,99.4,116.6,-17.3,0.351,0.026,0.101,0.062,0.411,0.413,0.135,98.62,0.064,2025-26,2026,-13.8,-5.9,-1.8,-4.1000000000000005,-1.1,-0.6000000000000001,-0.3,-0.0020000000000000018,-0.16699999999999998,,False,,,,,,
200768,Kyle Lowry,PHI,40.0,14,8.4,0.3,1.8,0.16,0.3,1.8,0.16,0.4,0.4,0.833,0.0,0.6,0.6,0.8,0.3,0.1,0.1,1.2,-2.8,98.5,116.5,-18.0,0.131,0.0,0.065,0.032,0.24,0.308,0.106,105.12,0.013,2025-26,2026,-10.4,-2.7,-1.2999999999999998,-1.9000000000000001,-0.5,-0.8,-0.19999999999999998,0.0059999999999999915,-0.21700000000000003,,False,,,,,,
201142,Kevin Durant,HOU,37.0,78,36.4,9.2,17.6,0.52,2.4,5.8,0.413,5.2,6.0,0.874,0.5,4.9,5.5,4.8,3.2,0.8,0.9,26.0,4.4,117.9,112.4,5.5,0.203,0.014,0.131,0.073,0.588,0.641,0.263,98.14,0.15,2025-26,2026,-0.10000000000000142,-0.6000000000000014,-0.5,0.5999999999999996,-0.20000000000000018,0.0,-0.29999999999999993,-0.019999999999999962,-0.0010000000000000009,,False,,,,,,
201143,Al Horford,GSW,40.0,45,21.5,3.1,7.2,0.426,1.6,4.6,0.361,0.5,0.6,0.846,1.0,3.9,4.9,2.6,0.9,0.7,1.1,8.3,-0.2,112.7,113.5,-0.9,0.171,0.043,0.184,0.111,0.54,0.554,0.163,101.08,0.104,2025-26,2026,-6.100000000000001,-0.6999999999999993,-1.2999999999999998,0.5,-0.2999999999999998,0.09999999999999998,0.20000000000000007,0.026999999999999996,-0.008999999999999897,,False,,,,,,
201144,Mike Conley,MIN,38.0,54,18.4,1.3,4.0,0.335,1.0,3.1,0.337,0.8,0.9,0.9,0.3,1.4,1.7,2.9,0.6,0.6,0.3,4.5,0.3,112.3,112.1,0.2,0.205,0.017,0.074,0.045,0.465,0.517,0.113,102.58,0.061,2025-26,2026,-6.300000000000001,-3.6999999999999993,-0.9000000000000001,-1.6,-0.8,-0.5000000000000001,0.09999999999999998,-0.027999999999999983,-0.05599999999999994,,False,,,,,,
201145,Jeff Green,HOU,39.0,30,5.8,0.8,2.3,0.368,0.4,1.5,0.273,0.2,0.2,1.0,0.2,0.6,0.8,0.3,0.1,0.1,0.1,2.2,-0.9,103.6,111.7,-8.1,0.07,0.036,0.098,0.066,0.456,0.477,0.171,98.71,0.061,2025-26,2026,-6.6000000000000005,-3.2,-1.0,-0.3,-0.5,-0.1,0.0,0.027000000000000024,-0.17200000000000004,,False,,,,,,
201566,Russell Westbrook,SAC,37.0,64,28.9,5.6,13.1,0.427,2.0,5.9,0.338,2.0,2.9,0.694,1.3,4.2,5.4,6.7,3.3,1.3,0.2,15.2,-7.1,110.0,122.1,-12.1,0.33,0.042,0.147,0.093,0.503,0.528,0.252,102.15,0.105,2025-26,2026,1.0,1.8999999999999986,0.5,0.6000000000000005,0.7,-0.09999999999999987,-0.3,0.021999999999999992,-0.0040000000000000036,,False,,,,,,
201567,Kevin Love,UTA,37.0,37,16.6,2.1,5.4,0.397,1.4,3.8,0.373,1.0,1.2,0.841,1.5,4.3,5.8,1.8,0.8,0.4,0.2,6.7,-2.2,115.8,122.5,-6.7,0.145,0.083,0.256,0.167,0.53,0.568,0.161,104.18,0.103,2025-26,2026,5.700000000000001,1.4000000000000004,1.7000000000000002,0.8,0.3999999999999999,-0.29999999999999993,0.0,-0.069,0.07999999999999996,,False,,,,,,
201569,Eric Gordon,PHI,37.0,6,12.3,2.0,3.5,0.571,1.3,2.3,0.571,0.2,0.3,0.5,0.2,0.2,0.3,0.5,0.5,0.7,0.2,5.5,-5.2,102.6,120.1,-17.6,0.063,0.013,0.014,0.013,0.762,0.754,0.137,102.51,0.083,2025-26,2026,-7.399999999999999,-1.2999999999999998,-0.8999999999999999,-1.2,-0.09999999999999987,0.0,-0.09999999999999998,-0.0030000000000000027,0.16300000000000003,,False,,,,,,
201572,Brook Lopez,LAC,38.0,75,21.8,3.1,7.2,0.428,1.5,4.2,0.36,0.7,1.0,0.757,0.6,3.0,3.6,1.3,0.8,0.6,1.2,8.5,0.6,113.9,112.7,1.2,0.087,0.03,0.135,0.085,0.533,0.552,0.171,97.8,0.076,2025-26,2026,-10.0,-4.5,-1.4,-0.5,-0.19999999999999996,0.0,-0.7,0.014000000000000012,-0.07199999999999995,,False,,,,,,
201587,Nicolas Batum,LAC,37.0,74,17.5,1.3,3.2,0.403,1.2,3.1,0.404,0.1,0.1,0.818,0.3,2.2,2.5,0.9,0.5,0.6,0.3,4.0,-0.2,113.2,113.8,-0.5,0.069,0.018,0.119,0.071,0.597,0.603,0.092,98.96,0.058,2025-26,2026,0.0,0.0,-0.2999999999999998,-0.20000000000000007,0.09999999999999987,-0.09999999999999998,-0.2,0.0050000000000000044,-0.030000000000000027,,False,,,,,,
201599,DeAndre Jordan,NOP,37.0,12,16.6,1.8,2.7,0.656,0.0,0.0,0.0,0.9,1.4,0.647,2.2,4.2,6.3,0.9,0.8,0.3,0.8,4.4,-0.1,110.0,112.3,-2.4,0.077,0.124,0.234,0.18,0.656,0.671,0.098,100.68,0.119,2025-26,2026,4.300000000000001,0.7000000000000002,1.2000000000000002,0.0,0.0,0.0,0.30000000000000004,-0.027999999999999997,0.050000000000000044,,False,,,,,,
201935,James Harden,CLE,36.0,70,34.8,7.0,16.0,0.434,3.1,8.2,0.375,6.6,7.5,0.884,0.6,4.2,4.8,8.0,3.5,1.1,0.4,23.6,1.4,118.8,117.0,1.8,0.347,0.017,0.119,0.07,0.529,0.61,0.279,98.24,0.143,2025-26,2026,-0.5,0.8000000000000007,-1.0,-0.6999999999999993,0.10000000000000009,-0.3999999999999999,-0.29999999999999993,-0.006999999999999951,0.028000000000000025,,False,,,,,,
201939,Stephen Curry,GSW,38.0,43,30.9,8.7,18.6,0.468,4.4,11.3,0.393,4.7,5.1,0.923,0.4,3.2,3.6,4.7,2.8,1.1,0.4,26.6,2.1,117.6,114.8,2.8,0.245,0.013,0.1,0.057,0.587,0.637,0.308,103.66,0.146,2025-26,2026,-1.3000000000000043,2.1000000000000014,-0.8000000000000003,-1.2999999999999998,0.0,0.0,0.0,0.02200000000000002,0.019000000000000017,,False,,,,,,
201942,DeMar DeRozan,SAC,36.0,77,31.2,6.5,13.1,0.497,0.6,1.9,0.32,4.9,5.6,0.868,0.5,2.5,2.9,4.1,1.2,1.0,0.3,18.4,-7.6,110.6,122.3,-11.7,0.196,0.015,0.081,0.047,0.52,0.594,0.222,101.26,0.111,2025-26,2026,-4.699999999999999,-3.8000000000000007,-1.0,-0.3000000000000007,-0.5000000000000001,0.19999999999999996,-0.10000000000000003,-0.021999999999999992,0.025000000000000022,,False,,,,,,
201950,Jrue Holiday,POR,36.0,53,29.4,6.0,13.4,0.451,2.6,6.8,0.378,1.7,2.0,0.838,1.3,3.3,4.6,6.1,2.8,1.0,0.1,16.3,3.7,114.6,108.6,6.1,0.302,0.042,0.108,0.074,0.548,0.573,0.227,103.5,0.124,2025-26,2026,-1.2000000000000028,5.200000000000001,0.2999999999999998,2.1999999999999997,0.9000000000000001,-0.10000000000000009,-0.30000000000000004,0.07100000000000001,0.008000000000000007,,False,,,,,,
201959,Taj Gibson,MEM,41.0,10,9.7,1.2,2.6,0.462,0.3,0.6,0.5,0.7,0.8,0.875,1.1,1.6,2.7,0.6,0.1,0.2,0.1,3.4,-0.7,103.2,107.9,-4.7,0.092,0.092,0.152,0.121,0.519,0.576,0.123,106.78,0.081,2025-26,2026,-1.4000000000000004,0.5,-0.5,0.0,0.3,0.0,-0.4,-0.009000000000000008,0.06099999999999994,,False,,,,,,
202066,Garrett Temple,TOR,40.0,22,3.3,0.2,0.7,0.267,0.1,0.5,0.25,0.3,0.4,0.667,0.0,0.4,0.4,0.4,0.3,0.2,0.1,0.8,0.0,92.4,94.2,-1.8,0.205,0.016,0.108,0.065,0.367,0.448,0.152,102.66,0.051,2025-26,2026,-4.8,-1.0999999999999999,-0.6,-0.7000000000000001,-0.1,-0.39999999999999997,0.0,0.022999999999999993,0.04199999999999998,,False,,,,,,
202331,Paul George,PHI,36.0,37,30.7,6.1,13.9,0.439,2.7,6.9,0.392,2.5,3.0,0.82,0.5,4.8,5.3,3.6,1.7,1.7,0.4,17.3,2.4,115.0,111.4,3.6,0.175,0.017,0.147,0.081,0.536,0.57,0.229,100.33,0.117,2025-26,2026,-1.8000000000000007,1.1000000000000014,0.0,-0.6999999999999997,0.40000000000000036,-0.10000000000000009,-0.09999999999999998,-0.0040000000000000036,0.026999999999999913,,False,,,,,,
202685,Jonas Valanciunas,DEN,34.0,65,13.4,3.5,6.0,0.582,0.1,0.4,0.308,1.6,2.1,0.772,1.6,3.4,5.1,1.2,1.1,0.2,0.6,8.7,-0.7,114.6,116.6,-2.0,0.15,0.124,0.246,0.187,0.592,0.63,0.26,97.23,0.15,2025-26,2026,-5.4,-1.700000000000001,-2.6000000000000005,-0.8,0.0,-0.3,0.0,0.038000000000000006,0.028000000000000025,,False,,,,,,
202687,Bismack Biyombo,SAS,33.0,25,5.7,0.4,0.6,0.6,0.0,0.0,0.0,0.2,0.3,0.714,0.2,0.8,1.0,0.2,0.3,0.2,0.1,0.9,-4.0,94.2,127.1,-32.9,0.056,0.04,0.156,0.1,0.6,0.636,0.082,99.67,0.024,2025-26,2026,-13.100000000000001,-4.199999999999999,-4.6,-0.9000000000000001,0.0,-0.39999999999999997,-0.7000000000000001,-0.041999999999999996,0.06000000000000005,,False,,,,,,
202691,Klay Thompson,DAL,36.0,69,21.7,4.1,10.6,0.393,2.9,7.6,0.383,0.5,0.7,0.766,0.3,1.8,2.1,1.4,0.9,0.5,0.3,11.7,-1.9,106.3,111.0,-4.7,0.096,0.011,0.074,0.043,0.532,0.541,0.214,106.06,0.077,2025-26,2026,-5.600000000000001,-2.3000000000000007,-1.2999999999999998,-0.6000000000000001,-0.10000000000000009,-0.19999999999999996,-0.10000000000000003,0.0,-0.01100000000000001,,False,,,,,,
202695,Kawhi Leonard,LAC,35.0,65,32.1,9.8,19.4,0.505,2.6,6.8,0.387,5.7,6.4,0.892,1.1,5.3,6.4,3.6,2.0,1.9,0.4,27.9,5.2,120.3,112.8,7.5,0.193,0.036,0.162,0.102,0.573,0.629,0.326,97.53,0.185,2025-26,2026,0.20000000000000284,6.399999999999999,0.5,0.5,0.5,0.2999999999999998,-0.09999999999999998,0.045999999999999985,0.040000000000000036,,False,,,,,,
202696,Nikola Vučević,BOS,35.0,64,28.4,6.2,12.5,0.493,1.6,4.2,0.369,1.2,1.5,0.828,2.0,6.4,8.4,3.3,1.3,0.6,0.6,15.1,-0.7,113.1,114.8,-1.7,0.175,0.067,0.211,0.141,0.556,0.574,0.213,101.99,0.127,2025-26,2026,-2.8000000000000007,-3.4000000000000004,-1.6999999999999993,-0.20000000000000018,-0.19999999999999996,-0.20000000000000007,-0.09999999999999998,-0.008000000000000007,-0.03700000000000003,,False,,,,,,
202699,Tobias Harris,DET,33.0,63,27.7,4.9,10.5,0.469,1.3,3.5,0.368,2.2,2.5,0.866,0.9,4.3,5.1,2.5,1.0,0.9,0.4,13.3,5.8,118.6,108.6,10.0,0.12,0.03,0.145,0.088,0.531,0.574,0.181,100.9,0.112,2025-26,2026,-3.900000000000002,-0.3999999999999986,-0.8000000000000007,0.2999999999999998,0.10000000000000009,-0.09999999999999998,-0.4,0.008000000000000007,0.0030000000000000027,,False,,,,,,
202710,Jimmy Butler III,GSW,36.0,38,31.1,6.3,12.2,0.519,0.8,2.2,0.376,6.5,7.6,0.864,2.3,3.2,5.6,4.9,1.6,1.4,0.2,20.0,4.9,116.6,109.2,7.3,0.24,0.073,0.101,0.087,0.554,0.646,0.226,101.73,0.155,2025-26,2026,-0.5999999999999979,2.5,0.1999999999999993,-0.5,0.20000000000000007,0.0,-0.09999999999999998,0.022999999999999993,0.020000000000000018,,False,,,,,,
203076,Anthony Davis,WAS,33.0,20,31.3,8.5,16.7,0.506,0.5,1.9,0.27,3.0,4.1,0.728,3.1,8.0,11.1,2.8,2.1,1.1,1.7,20.4,-2.5,110.0,114.6,-4.6,0.14,0.099,0.24,0.172,0.521,0.551,0.272,101.27,0.151,2025-26,2026,-2.099999999999998,-4.300000000000001,-0.5,-0.7000000000000002,-0.19999999999999996,-0.09999999999999987,-0.5000000000000002,-0.02899999999999997,-0.03699999999999992,,False,,,,,,
203078,Bradley Beal,LAC,33.0,6,20.2,3.0,8.0,0.375,1.2,3.2,0.368,1.0,1.3,0.75,0.3,0.5,0.8,1.7,1.5,0.5,0.0,8.2,-3.8,119.1,128.5,-9.3,0.106,0.019,0.025,0.022,0.448,0.476,0.224,97.65,0.018,2025-26,2026,-11.900000000000002,-8.8,-2.5,-2.0,-0.7,-0.6000000000000001,-0.5,0.0050000000000000044,-0.122,,False,,,,,,
203083,Andre Drummond,PHI,32.0,63,19.5,2.5,5.3,0.472,0.5,1.4,0.356,0.8,1.3,0.631,3.2,5.3,8.4,1.3,1.0,0.6,0.8,6.4,-1.4,110.3,113.6,-3.2,0.09,0.145,0.264,0.202,0.519,0.539,0.143,100.54,0.113,2025-26,2026,0.6999999999999993,-0.8999999999999995,0.6000000000000005,0.4,0.4,-0.4,0.30000000000000004,-0.04000000000000001,0.0040000000000000036,,False,,,,,,
203084,Harrison Barnes,SAS,34.0,77,25.8,3.4,7.5,0.456,1.8,4.6,0.388,1.3,1.6,0.829,0.8,2.0,2.8,1.9,0.8,0.6,0.2,9.9,4.3,118.4,110.6,7.8,0.097,0.03,0.071,0.051,0.577,0.608,0.144,101.69,0.075,2025-26,2026,-1.3999999999999986,-2.4000000000000004,-1.0,0.19999999999999996,-0.09999999999999987,0.09999999999999998,0.0,-0.013000000000000012,-0.04800000000000004,,False,,,,,,
203110,Draymond Green,GSW,36.0,68,27.5,3.0,7.2,0.418,1.5,4.6,0.326,0.9,1.2,0.702,0.8,4.7,5.5,5.5,2.7,0.9,0.6,8.4,-2.0,109.4,113.6,-4.3,0.278,0.029,0.168,0.098,0.52,0.54,0.158,101.72,0.084,2025-26,2026,-1.6999999999999993,-0.5999999999999996,-0.5999999999999996,-0.09999999999999964,0.30000000000000004,-0.6,-0.4,0.0010000000000000009,0.006000000000000005,,False,,,,,,
203114,Khris Middleton,DAL,34.0,63,22.8,3.6,8.6,0.42,1.1,3.0,0.36,1.9,2.2,0.875,0.8,2.9,3.7,2.8,1.7,0.7,0.1,10.2,-5.3,110.0,121.1,-11.1,0.171,0.033,0.118,0.075,0.482,0.533,0.198,103.88,0.073,2025-26,2026,0.0,-1.700000000000001,0.0,-1.2999999999999998,-0.19999999999999996,-0.20000000000000007,-0.1,-0.009999999999999981,-0.05499999999999994,,False,,,,,,
203468,CJ McCollum,ATL,34.0,76,29.8,6.9,15.2,0.455,2.5,6.7,0.375,2.4,3.1,0.772,0.8,2.5,3.3,3.9,1.8,0.8,0.5,18.7,1.2,113.6,112.0,1.5,0.194,0.025,0.077,0.051,0.538,0.566,0.247,103.12,0.105,2025-26,2026,-2.900000000000002,-2.400000000000002,-0.5,-0.19999999999999973,-0.6000000000000001,0.0,0.09999999999999998,-0.019000000000000017,0.015999999999999903,,False,,,,,,
203471,Dennis Schröder,CLE,32.0,70,24.2,3.6,9.0,0.405,1.1,3.3,0.329,2.4,2.9,0.834,0.5,2.2,2.7,4.9,1.8,0.8,0.2,10.8,-3.4,110.8,117.0,-6.2,0.294,0.019,0.089,0.054,0.465,0.526,0.21,100.28,0.094,2025-26,2026,-3.900000000000002,-2.299999999999999,0.10000000000000009,-0.5,-0.5999999999999999,-0.09999999999999998,0.0,-0.0010000000000000009,-0.0050000000000000044,,False,,,,,,
203482,Kelly Olynyk,SAS,35.0,42,8.6,1.1,2.3,0.49,0.3,1.1,0.255,0.6,0.9,0.711,0.6,1.2,1.8,1.2,0.6,0.4,0.1,3.2,-0.9,104.2,111.1,-6.9,0.203,0.063,0.138,0.101,0.552,0.59,0.16,100.81,0.096,2025-26,2026,-11.6,-5.499999999999999,-2.9000000000000004,-1.7,-0.5,-0.4,-0.30000000000000004,-0.024999999999999994,-0.019000000000000017,,False,,,,,,
203484,Kentavious Caldwell-Pope,MEM,33.0,51,21.3,2.9,7.2,0.41,1.1,3.4,0.316,1.4,1.6,0.913,0.4,2.1,2.5,2.7,1.2,0.8,0.2,8.4,-2.2,110.8,115.3,-4.5,0.181,0.017,0.094,0.054,0.485,0.533,0.173,102.31,0.083,2025-26,2026,-8.3,-0.29999999999999893,0.2999999999999998,0.9000000000000001,-0.3999999999999999,-0.5,-0.2,0.05199999999999999,-0.040999999999999925,,False,,,,,,
203486,Mason Plumlee,SAS,36.0,20,8.6,0.6,0.7,0.786,0.0,0.0,0.0,0.5,0.7,0.643,0.9,1.8,2.7,1.0,0.6,0.5,0.0,1.6,-0.4,114.4,116.5,-2.2,0.145,0.099,0.224,0.159,0.786,0.769,0.074,103.28,0.084,2025-26,2026,-9.000000000000002,-2.9,-3.3999999999999995,-0.8,0.0,0.09999999999999998,-0.6,-0.031,0.124,,False,,,,,,
203497,Rudy Gobert,MIN,34.0,76,31.3,4.4,6.5,0.682,0.0,0.1,0.0,2.1,4.0,0.526,3.9,7.5,11.5,1.7,1.4,0.8,1.6,10.9,3.1,113.0,108.0,5.0,0.074,0.121,0.222,0.173,0.682,0.664,0.127,101.49,0.121,2025-26,2026,-1.9000000000000021,-1.0999999999999996,0.5999999999999996,-0.10000000000000009,0.0,0.0,0.20000000000000018,-0.0020000000000000018,-0.02300000000000002,,False,,,,,,
203500,Steven Adams,HOU,32.0,32,22.8,2.2,4.3,0.504,0.0,0.0,0.0,1.5,2.5,0.58,4.5,4.1,8.6,1.5,1.1,0.7,0.6,5.8,6.1,117.3,105.5,11.8,0.084,0.189,0.165,0.177,0.504,0.535,0.116,97.69,0.1,2025-26,2026,9.100000000000001,1.9,3.0,0.3999999999999999,0.0,0.29999999999999993,0.09999999999999998,-0.010999999999999996,-0.006000000000000005,,False,,,,,,
203501,Tim Hardaway Jr.,DEN,34.0,80,26.6,4.4,9.7,0.447,2.8,6.9,0.407,2.0,2.5,0.811,0.2,2.4,2.6,1.4,0.5,0.5,0.1,13.5,2.5,119.4,114.9,4.5,0.07,0.008,0.082,0.047,0.591,0.624,0.177,101.24,0.085,2025-26,2026,-1.3999999999999986,2.5,0.20000000000000018,-0.20000000000000018,0.5999999999999996,0.0,0.0,0.025999999999999995,0.05700000000000005,,False,,,,,,
203507,Giannis Antetokounmpo,MIL,31.0,36,28.9,10.4,16.6,0.624,0.4,1.3,0.333,6.4,9.9,0.65,2.7,7.1,9.8,5.4,3.2,0.9,0.7,27.6,2.7,119.4,114.9,4.4,0.344,0.098,0.233,0.168,0.636,0.658,0.358,99.9,0.213,2025-26,2026,-5.300000000000004,-2.799999999999997,-2.0999999999999996,-1.0999999999999996,0.2,0.0,-0.5,0.01200000000000001,0.03300000000000003,,False,,,,,,
203552,Seth Curry,GSW,35.0,10,13.3,2.4,4.9,0.49,1.2,2.5,0.48,1.1,1.2,0.917,0.4,0.8,1.2,1.0,0.2,0.3,0.0,7.1,0.1,116.0,119.0,-3.0,0.106,0.029,0.075,0.049,0.612,0.654,0.169,99.97,0.093,2025-26,2026,-2.299999999999999,0.5999999999999996,-0.5,0.09999999999999998,0.0,-0.10000000000000003,-0.1,0.018000000000000016,0.038000000000000034,,False,,,,,,
203648,Thanasis Antetokounmpo,MIL,33.0,34,4.4,0.4,0.9,0.469,0.0,0.1,0.0,0.5,0.9,0.567,0.4,0.5,0.9,0.4,0.3,0.4,0.2,1.4,0.1,97.4,94.3,3.1,0.172,0.071,0.125,0.096,0.469,0.52,0.154,102.35,0.094,2025-26,2026,0.0,0.0,0.0,0.0,0.0,0.0,0.0,0.0,0.0,,False,,,,,,
203897,Zach LaVine,SAC,31.0,39,31.4,6.7,14.0,0.479,2.5,6.5,0.39,3.2,3.6,0.88,0.2,2.6,2.8,2.3,1.9,0.7,0.3,19.2,-7.9,109.3,121.9,-12.6,0.111,0.006,0.083,0.044,0.569,0.614,0.234,100.47,0.096,2025-26,2026,-3.8000000000000043,-4.100000000000001,-1.5,-1.9000000000000004,-0.7000000000000002,-0.10000000000000009,0.09999999999999998,-0.016999999999999987,-0.025000000000000022,,False,,,,,,
203903,Jordan Clarkson,NYK,34.0,72,17.8,3.3,7.3,0.451,1.0,3.0,0.327,1.1,1.3,0.83,0.9,0.9,1.8,1.3,0.9,0.4,0.1,8.6,1.5,115.4,111.7,3.7,0.11,0.047,0.049,0.048,0.517,0.548,0.203,98.78,0.068,2025-26,2026,-8.2,-7.6,-1.4000000000000001,-2.4000000000000004,-1.2999999999999998,-0.4,-0.1,-0.066,0.008000000000000007,,False,,,,,,
203914,Gary Harris,MIL,31.0,48,13.8,1.0,2.2,0.442,0.6,1.4,0.412,0.2,0.2,0.889,0.3,0.9,1.3,1.1,0.4,0.6,0.2,2.7,-2.8,105.9,115.5,-9.6,0.105,0.025,0.072,0.048,0.577,0.593,0.082,98.9,0.048,2025-26,2026,-1.0,-0.2999999999999998,0.0,0.5000000000000001,-0.20000000000000007,0.09999999999999998,-0.09999999999999998,-0.007999999999999993,0.06899999999999995,,False,,,,,,
203924,Jerami Grant,POR,32.0,57,29.7,5.8,12.8,0.453,2.4,6.1,0.389,4.6,5.6,0.814,1.0,2.5,3.5,2.1,2.1,0.7,0.6,18.6,-0.1,114.9,115.2,-0.3,0.107,0.03,0.082,0.055,0.547,0.608,0.228,104.02,0.094,2025-26,2026,-2.6999999999999993,4.200000000000001,0.0,0.0,0.10000000000000009,-0.20000000000000007,-0.4,0.036000000000000004,0.08499999999999996,,False,,,,,,
203926,Doug McDermott,SAC,34.0,29,15.1,1.9,4.8,0.388,1.7,4.2,0.39,0.3,0.3,0.889,0.2,1.0,1.3,0.8,0.4,0.2,0.1,5.7,-3.5,104.2,115.3,-11.1,0.073,0.014,0.068,0.04,0.561,0.574,0.146,101.48,0.055,2025-26,2026,7.0,2.2,0.8,0.6000000000000001,0.7,0.1,0.1,-0.0040000000000000036,-0.04300000000000004,,False,,,,,,
203932,Aaron Gordon,DEN,30.0,36,27.9,5.5,11.1,0.497,1.7,4.4,0.389,3.5,4.5,0.767,1.4,4.4,5.8,2.7,1.1,0.6,0.3,16.2,7.6,124.7,112.0,12.7,0.13,0.052,0.148,0.102,0.574,0.62,0.213,99.99,0.117,2025-26,2026,-0.5,1.5,1.0,-0.5,0.19999999999999996,0.09999999999999998,0.0,0.026999999999999996,-0.030000000000000027,,False,,,,,,
203935,Marcus Smart,LAL,32.0,62,28.5,3.0,7.7,0.395,1.6,4.7,0.331,1.7,2.1,0.822,0.6,2.2,2.8,3.0,1.5,1.4,0.4,9.3,4.1,117.3,110.6,6.8,0.133,0.022,0.077,0.05,0.497,0.543,0.151,100.07,0.059,2025-26,2026,8.5,0.3000000000000007,0.6999999999999997,-0.20000000000000018,0.20000000000000018,0.2999999999999998,0.10000000000000003,-0.047000000000000014,0.014000000000000012,,False,,,,,,
203937,Kyle Anderson,MIN,32.0,43,19.8,2.5,4.7,0.53,0.1,0.3,0.364,1.1,1.6,0.706,1.0,2.5,3.5,2.9,0.9,1.0,0.6,6.2,-1.9,107.4,111.6,-4.2,0.204,0.047,0.121,0.084,0.54,0.573,0.131,103.85,0.095,2025-26,2026,3.400000000000002,0.2999999999999998,0.10000000000000009,0.5,-0.30000000000000004,0.30000000000000004,0.09999999999999998,-0.02099999999999999,0.03499999999999992,,False,,,,,,
203939,Dwight Powell,DAL,34.0,63,14.4,1.0,1.6,0.644,0.0,0.1,0.286,1.2,1.8,0.696,1.5,2.6,4.1,1.1,0.7,0.5,0.3,3.3,-0.1,110.4,110.9,-0.5,0.095,0.101,0.17,0.136,0.653,0.699,0.084,104.58,0.073,2025-26,2026,4.4,1.1999999999999997,1.9999999999999996,0.10000000000000009,0.0,0.2,-0.10000000000000003,0.01100000000000001,-0.014000000000000012,,False,,,,,,
203944,Julius Randle,MIN,31.0,79,33.0,7.3,15.3,0.481,1.4,4.4,0.315,5.0,6.3,0.802,1.7,5.1,6.7,5.0,2.7,1.1,0.2,21.1,2.9,117.0,113.1,4.0,0.227,0.05,0.146,0.099,0.526,0.585,0.258,102.3,0.128,2025-26,2026,0.7000000000000028,2.400000000000002,-0.39999999999999947,0.2999999999999998,-0.20000000000000018,0.40000000000000013,0.0,0.01200000000000001,-0.008000000000000007,,False,,,,,,
203952,Andrew Wiggins,MIA,31.0,68,30.3,5.7,12.1,0.475,2.0,4.9,0.414,1.9,2.4,0.784,1.7,3.1,4.8,2.7,1.5,1.1,1.0,15.4,0.1,113.7,113.9,-0.1,0.123,0.051,0.098,0.074,0.559,0.586,0.194,104.97,0.092,2025-26,2026,-0.3999999999999986,-2.5999999999999996,0.2999999999999998,0.10000000000000009,-0.20000000000000018,0.10000000000000009,0.19999999999999996,-0.043999999999999984,0.020000000000000018,,False,,,,,,
203954,Joel Embiid,PHI,32.0,38,31.6,9.0,18.3,0.489,1.4,4.2,0.333,7.5,8.8,0.854,2.0,5.7,7.7,3.9,2.9,0.6,1.2,26.9,4.1,119.1,113.2,5.8,0.209,0.063,0.169,0.118,0.527,0.605,0.336,100.69,0.163,2025-26,2026,1.4000000000000021,3.099999999999998,-0.4999999999999991,-0.6000000000000001,0.19999999999999996,-0.09999999999999998,0.29999999999999993,-0.006000000000000005,0.025000000000000022,,False,,,,,,
203967,Dario Saric,SAC,32.0,5,8.2,0.2,1.2,0.167,0.2,0.6,0.333,0.4,0.4,1.0,0.2,1.0,1.2,0.4,0.4,0.0,0.0,1.0,0.0,104.7,104.7,0.0,0.061,0.03,0.114,0.078,0.25,0.363,0.1,98.91,0.015,2025-26,2026,-4.9,-2.5,-1.9000000000000001,-0.9999999999999999,-0.2,-0.4,-0.1,-0.056999999999999995,-0.08600000000000002,,False,,,,,,
203991,Clint Capela,HOU,32.0,75,12.3,1.6,3.0,0.52,0.0,0.0,0.5,0.6,1.0,0.577,2.1,2.5,4.6,0.7,0.5,0.5,0.8,3.8,2.2,113.1,105.1,8.0,0.072,0.158,0.181,0.169,0.522,0.54,0.133,98.6,0.11,2025-26,2026,-9.099999999999998,-5.1000000000000005,-3.9000000000000004,-0.40000000000000013,0.0,-0.09999999999999998,-0.19999999999999996,-0.026999999999999996,-0.02399999999999991,,False,,,,,,
203992,Bogdan Bogdanović,LAC,33.0,23,19.7,2.6,6.6,0.388,1.4,4.1,0.347,0.9,1.1,0.8,0.3,2.3,2.6,2.2,1.2,0.4,0.1,7.4,-1.3,109.1,113.5,-4.4,0.184,0.014,0.112,0.066,0.497,0.525,0.185,96.68,0.069,2025-26,2026,-5.300000000000001,-3.4000000000000004,-0.2999999999999998,-0.5,-0.5,-0.4,-0.1,0.0020000000000000018,-0.03400000000000003,,False,,,,,,
203994,Jusuf Nurkić,UTA,31.0,41,26.4,4.4,8.7,0.503,0.6,1.7,0.352,1.5,2.8,0.549,2.6,7.8,10.4,4.8,2.5,1.3,0.5,10.9,-4.6,109.5,117.4,-7.9,0.261,0.089,0.279,0.182,0.538,0.548,0.186,105.32,0.121,2025-26,2026,5.599999999999998,2.0,2.6000000000000005,2.5,0.0,0.5,-0.19999999999999996,-0.016000000000000014,-0.007000000000000006,,False,,,,,,
203999,Nikola Jokić,DEN,31.0,65,34.8,9.9,17.4,0.569,1.7,4.5,0.38,6.1,7.4,0.831,3.0,9.9,12.9,10.7,3.7,1.4,0.8,27.7,8.5,126.1,115.3,10.8,0.458,0.089,0.27,0.185,0.618,0.67,0.289,102.59,0.213,2025-26,2026,-1.9000000000000057,-1.9000000000000021,0.20000000000000107,0.5,-0.30000000000000004,-0.40000000000000013,0.20000000000000007,0.0040000000000000036,0.007000000000000006,,False,,,,,,
204001,Kristaps Porziņģis,GSW,30.0,32,24.0,5.4,12.1,0.446,1.7,5.0,0.338,4.2,4.9,0.842,1.3,4.0,5.2,2.5,1.3,0.6,1.2,16.7,1.4,113.8,110.8,3.0,0.162,0.05,0.158,0.104,0.515,0.582,0.265,103.63,0.124,2025-26,2026,-4.800000000000001,-2.8000000000000007,-1.5999999999999996,0.3999999999999999,-0.8,-0.09999999999999998,-0.30000000000000004,0.01200000000000001,-0.03600000000000003,,False,,,,,,
204060,Joe Ingles,MIN,38.0,27,5.7,0.6,1.0,0.593,0.3,0.6,0.438,0.1,0.1,1.0,0.0,0.7,0.7,1.3,0.5,0.3,0.1,1.5,-0.3,110.9,116.7,-5.8,0.268,0.0,0.11,0.06,0.722,0.735,0.106,110.81,0.096,2025-26,2026,-0.2999999999999998,0.7,0.09999999999999998,0.10000000000000009,0.09999999999999998,0.19999999999999998,0.1,-0.007000000000000006,0.409,,False,,,,,,
204456,T.J. McConnell,IND,34.0,56,17.2,4.3,8.0,0.538,0.3,0.9,0.32,0.4,0.5,0.862,0.4,1.8,2.2,5.1,1.1,1.0,0.2,9.4,-2.4,109.1,116.7,-7.6,0.469,0.022,0.104,0.063,0.556,0.567,0.227,103.65,0.15,2025-26,2026,-0.6999999999999993,0.3000000000000007,-0.19999999999999973,0.6999999999999993,0.09999999999999998,-0.10000000000000009,-0.09999999999999998,0.0010000000000000009,0.019999999999999907,,False,,,,,,
1626145,Tyus Jones,DEN,30.0,67,14.6,1.1,3.3,0.349,0.6,2.0,0.292,0.1,0.1,0.778,0.2,1.0,1.1,2.4,0.4,0.6,0.0,3.0,-1.6,107.5,113.6,-6.1,0.222,0.011,0.065,0.036,0.44,0.448,0.103,101.09,0.065,2025-26,2026,-12.200000000000001,-7.199999999999999,-1.2999999999999998,-2.9,-1.4,-0.30000000000000004,-0.1,-0.05700000000000001,-0.13699999999999996,,False,,,,,,
1626156,D'Angelo Russell,WAS,30.0,26,19.0,3.6,8.9,0.405,1.3,4.3,0.295,1.7,2.3,0.717,0.3,2.0,2.3,4.0,1.9,0.5,0.1,10.2,-1.6,107.9,111.3,-3.4,0.328,0.016,0.092,0.057,0.476,0.511,0.261,104.0,0.098,2025-26,2026,-6.5,-2.4000000000000004,-0.5,-1.0999999999999996,-0.5999999999999999,-0.5,-0.30000000000000004,0.033,-0.01100000000000001,,False,,,,,,
1626157,Karl-Anthony Towns,NYK,30.0,75,31.0,6.9,13.8,0.501,1.5,4.1,0.368,4.8,5.5,0.858,3.1,8.7,11.9,3.0,2.5,0.9,0.5,20.1,5.0,118.8,111.8,7.0,0.142,0.101,0.283,0.192,0.556,0.619,0.251,99.48,0.154,2025-26,2026,-4.0,-4.299999999999997,-0.9000000000000004,-0.10000000000000009,-0.5,-0.09999999999999998,-0.19999999999999996,-0.014000000000000012,-0.01100000000000001,,False,,,,,,
1626162,Kelly Oubre Jr.,PHI,30.0,50,31.5,5.1,10.9,0.467,1.7,4.8,0.36,2.2,2.9,0.766,1.0,4.0,5.0,1.6,1.4,1.4,0.5,14.1,-1.3,115.3,117.2,-1.9,0.073,0.031,0.121,0.077,0.546,0.58,0.179,100.39,0.083,2025-26,2026,-3.1000000000000014,-1.0,-1.0999999999999996,-0.19999999999999996,0.5,-0.10000000000000009,0.0,-0.007000000000000006,0.028999999999999915,,False,,,,,,
1626164,Devin Booker,PHX,29.0,64,33.5,8.5,18.7,0.456,1.9,5.8,0.33,7.1,8.1,0.873,0.8,3.1,3.9,6.0,3.1,0.8,0.3,26.1,3.1,115.9,112.0,3.9,0.293,0.021,0.091,0.055,0.507,0.585,0.307,100.72,0.142,2025-26,2026,-3.799999999999997,0.5,-0.19999999999999973,-1.0999999999999996,-0.5,-0.09999999999999998,0.09999999999999998,0.02200000000000002,-0.0040000000000000036,,False,,,,,,
1626166,Cameron Payne,PHI,31.0,22,17.0,2.5,6.8,0.376,1.5,4.4,0.33,0.9,1.0,0.864,0.1,1.9,2.0,2.6,0.5,1.1,0.3,7.4,-2.9,105.5,113.6,-8.1,0.22,0.007,0.103,0.055,0.483,0.514,0.183,104.63,0.096,2025-26,2026,1.9000000000000004,0.5,0.6000000000000001,-0.19999999999999973,0.19999999999999996,0.6000000000000001,0.09999999999999998,-0.017000000000000015,-0.018000000000000016,,False,,,,,,
1626167,Myles Turner,MIL,30.0,71,26.9,4.0,9.1,0.44,2.1,5.4,0.383,1.8,2.5,0.74,1.1,4.3,5.3,1.5,1.2,0.7,1.6,11.9,-3.2,109.6,115.8,-6.2,0.079,0.039,0.152,0.096,0.553,0.584,0.181,100.47,0.086,2025-26,2026,-3.3000000000000007,-3.6999999999999993,-1.2000000000000002,0.0,-0.10000000000000009,-0.10000000000000009,-0.3999999999999999,-0.025999999999999995,-0.028000000000000025,,False,,,,,,
1626171,Bobby Portis Jr.,MIL,31.0,67,24.2,5.5,11.2,0.488,2.0,4.4,0.456,0.7,1.0,0.706,1.3,5.1,6.4,1.6,1.0,0.6,0.2,13.7,-4.0,110.2,118.4,-8.2,0.103,0.055,0.198,0.129,0.578,0.587,0.225,98.78,0.122,2025-26,2026,-1.1999999999999993,-0.20000000000000107,-2.0,-0.5,0.7,-0.09999999999999998,-0.3,-0.009000000000000008,0.04499999999999993,,False,,,,,,
1626172,Kevon Looney,NOP,30.0,21,14.6,1.2,2.9,0.417,0.1,0.6,0.154,0.3,0.5,0.7,2.3,3.3,5.6,1.6,0.4,0.4,0.5,2.8,-3.0,105.3,115.7,-10.4,0.148,0.132,0.214,0.171,0.433,0.458,0.096,102.64,0.093,2025-26,2026,-0.40000000000000036,-1.7000000000000002,-0.5,0.0,0.1,-0.19999999999999996,0.0,-0.028999999999999998,-0.07700000000000001,,False,,,,,,
1626181,Norman Powell,MIA,33.0,58,29.6,7.3,15.4,0.47,2.7,7.1,0.38,4.5,5.5,0.827,0.4,3.1,3.5,2.5,1.9,1.1,0.2,21.7,0.7,114.7,114.1,0.6,0.123,0.012,0.097,0.054,0.558,0.609,0.262,105.69,0.113,2025-26,2026,-3.0,-0.10000000000000142,0.2999999999999998,0.3999999999999999,-0.2999999999999998,-0.09999999999999987,0.0,0.007000000000000006,-0.006000000000000005,,False,,,,,,
1626192,Pat Connaughton,CHA,33.0,42,7.1,0.9,2.0,0.447,0.5,1.2,0.404,0.3,0.5,0.65,0.4,1.1,1.5,0.4,0.3,0.3,0.0,2.6,-0.7,97.2,101.5,-4.3,0.11,0.047,0.153,0.099,0.571,0.586,0.15,96.88,0.117,2025-26,2026,-7.6,-2.6999999999999997,-1.2000000000000002,-1.2999999999999998,-0.09999999999999998,0.09999999999999998,-0.3,-0.0010000000000000009,0.019000000000000017,,False,,,,,,
1626204,Larry Nance Jr.,CLE,33.0,35,12.8,1.5,3.5,0.419,0.6,1.8,0.333,0.2,0.4,0.462,0.8,1.8,2.7,1.0,0.6,0.6,0.2,3.7,-0.5,108.2,111.1,-2.9,0.105,0.058,0.143,0.098,0.504,0.505,0.137,101.61,0.062,2025-26,2026,-6.5,-4.8,-1.5999999999999996,-0.6000000000000001,-0.7999999999999999,-0.20000000000000007,-0.3,-0.017999999999999988,-0.127,,False,,,,,,
1626220,Royce O'Neale,PHX,33.0,78,28.4,3.4,8.0,0.421,2.7,6.7,0.408,0.3,0.5,0.711,0.8,4.0,4.8,2.7,1.3,1.1,0.4,9.8,-1.4,111.4,115.1,-3.6,0.129,0.025,0.139,0.081,0.59,0.596,0.139,100.64,0.082,2025-26,2026,3.8999999999999986,0.7000000000000011,0.09999999999999964,0.5,0.30000000000000027,0.20000000000000007,0.0,-0.011999999999999983,0.01100000000000001,,False,,,,,,
1627734,Domantas Sabonis,SAC,30.0,19,29.7,6.3,11.6,0.543,0.3,1.4,0.185,2.9,4.1,0.727,3.4,8.0,11.4,4.1,2.7,0.9,0.2,15.8,-9.3,110.0,123.9,-13.9,0.209,0.108,0.283,0.191,0.554,0.59,0.223,102.46,0.131,2025-26,2026,-5.0000000000000036,-3.3000000000000007,-2.5,-1.9000000000000004,-0.6000000000000001,0.20000000000000007,-0.2,0.010000000000000009,-0.06500000000000006,,False,,,,,,
1627739,Kris Dunn,LAC,32.0,82,27.2,2.8,5.8,0.476,1.0,2.6,0.374,0.8,1.0,0.765,0.7,2.6,3.3,3.6,1.4,1.6,0.2,7.3,0.2,114.6,114.1,0.5,0.179,0.028,0.097,0.063,0.56,0.581,0.122,98.23,0.074,2025-26,2026,3.099999999999998,0.8999999999999995,-0.10000000000000009,0.8000000000000003,0.0,-0.09999999999999987,-0.2,-0.0040000000000000036,0.04999999999999993,,False,,,,,,
1627741,Buddy Hield,ATL,33.0,51,16.1,2.8,6.4,0.437,1.5,4.2,0.349,0.6,0.7,0.811,0.5,1.7,2.3,1.4,0.9,0.8,0.2,7.6,-1.7,110.2,115.0,-4.9,0.129,0.032,0.106,0.069,0.55,0.568,0.192,103.88,0.085,2025-26,2026,-6.599999999999998,-3.5,-0.9000000000000004,-0.20000000000000018,-1.0,0.0,-0.09999999999999998,-0.0040000000000000036,0.007999999999999896,,False,,,,,,
1627742,Brandon Ingram,TOR,28.0,77,33.8,8.0,16.7,0.477,1.8,4.6,0.382,3.8,4.6,0.82,0.8,4.8,5.6,3.7,2.4,0.8,0.7,21.5,0.6,114.6,113.7,1.0,0.169,0.024,0.144,0.083,0.529,0.573,0.264,98.87,0.121,2025-26,2026,0.6999999999999957,-0.6999999999999993,0.0,-1.5,-0.5999999999999999,-0.09999999999999998,0.09999999999999998,-0.04099999999999998,0.0129999999999999,,False,,,,,,
1627746,Skal Labissiere,WAS,30.0,3,12.5,2.0,3.3,0.6,0.3,1.7,0.2,0.0,0.0,0.0,1.0,2.0,3.0,1.0,0.3,0.7,0.3,4.3,0.7,110.4,106.4,4.0,0.115,0.07,0.146,0.107,0.65,0.65,0.117,99.07,0.124,2025-26,2026,9.5,3.0,2.2,0.7,0.0,0.7,0.3,-0.011999999999999997,0.025000000000000022,,False,,,,,,
1627747,Caris LeVert,DET,31.0,60,19.2,2.7,6.5,0.417,1.0,3.0,0.333,1.0,1.4,0.679,0.4,1.6,2.0,2.7,1.4,0.9,0.7,7.4,-0.1,108.6,107.7,0.8,0.202,0.018,0.074,0.047,0.494,0.518,0.178,101.1,0.081,2025-26,2026,-5.699999999999999,-4.699999999999999,-1.2000000000000002,-0.6999999999999997,-0.7,0.0,0.19999999999999996,-0.013000000000000012,-0.06399999999999995,,False,,,,,,
1627749,Dejounte Murray,NOP,29.0,14,27.8,6.3,13.0,0.484,1.4,4.4,0.306,2.8,3.2,0.867,0.3,5.1,5.4,6.4,3.4,1.6,0.2,16.7,1.4,116.2,114.9,1.3,0.336,0.011,0.188,0.101,0.536,0.58,0.267,100.83,0.138,2025-26,2026,-4.800000000000001,-0.8000000000000007,-1.0999999999999996,-1.0,-0.30000000000000004,-0.3999999999999999,-0.2,0.0040000000000000036,0.08599999999999997,,False,,,,,,
1627750,Jamal Murray,DEN,29.0,75,35.4,8.8,18.1,0.483,3.3,7.5,0.435,4.6,5.2,0.887,0.4,4.0,4.4,7.1,2.3,0.9,0.4,25.4,5.8,124.4,117.7,6.8,0.298,0.013,0.109,0.063,0.573,0.622,0.269,99.84,0.142,2025-26,2026,-0.7000000000000028,4.0,0.5000000000000004,1.0999999999999996,1.0,-0.4999999999999999,-0.09999999999999998,0.03400000000000003,0.038000000000000034,,False,,,,,,
1627751,Jakob Poeltl,TOR,30.0,46,25.0,4.7,6.7,0.7,0.0,0.0,0.0,1.3,2.1,0.602,2.5,4.5,7.0,2.0,1.2,0.9,0.7,10.7,1.0,114.7,112.6,2.0,0.111,0.102,0.188,0.145,0.7,0.698,0.15,100.36,0.115,2025-26,2026,-4.600000000000001,-3.8000000000000007,-2.5999999999999996,-0.7999999999999998,0.0,-0.29999999999999993,-0.5,-0.034,0.05699999999999994,,False,,,,,,
1627752,Taurean Prince,MIL,32.0,26,23.5,3.3,7.3,0.45,2.3,5.4,0.436,0.2,0.2,1.0,0.2,3.0,3.1,1.8,1.2,0.6,0.2,9.2,-2.0,113.7,117.5,-3.8,0.102,0.007,0.125,0.067,0.61,0.617,0.157,99.88,0.073,2025-26,2026,-3.6000000000000014,1.0,-0.5,-0.09999999999999987,0.4999999999999998,-0.4,0.0,0.034,0.0040000000000000036,,False,,,,,,
1627759,Jaylen Brown,BOS,29.0,71,34.4,10.4,21.7,0.477,2.0,5.7,0.347,6.0,7.5,0.795,1.1,5.8,6.9,5.1,3.6,1.0,0.4,28.7,4.5,119.5,113.0,6.5,0.251,0.032,0.155,0.095,0.522,0.573,0.351,97.73,0.152,2025-26,2026,0.10000000000000142,6.5,1.1000000000000005,0.5999999999999996,0.19999999999999996,-0.19999999999999996,0.10000000000000003,0.069,0.017999999999999905,,False,,,,,,
1627780,Gary Payton II,GSW,33.0,73,15.6,3.3,5.7,0.583,0.5,1.7,0.291,0.4,0.5,0.65,1.4,2.2,3.6,1.7,0.8,0.9,0.3,7.5,-1.5,111.2,113.5,-2.3,0.164,0.084,0.143,0.113,0.628,0.632,0.177,102.7,0.114,2025-26,2026,0.5999999999999996,1.0,0.6000000000000001,0.3999999999999999,0.0,0.09999999999999998,0.0,0.02099999999999999,-0.0030000000000000027,,False,,,,,,
1627783,Pascal Siakam,IND,32.0,62,33.2,9.0,18.6,0.484,1.7,4.7,0.358,4.2,6.1,0.693,1.4,5.2,6.6,3.8,2.2,1.1,0.4,24.0,-3.7,111.5,117.2,-5.6,0.19,0.041,0.151,0.095,0.529,0.562,0.292,102.95,0.13,2025-26,2026,0.5,3.8000000000000007,-0.3000000000000007,0.3999999999999999,0.09999999999999987,0.20000000000000007,-0.09999999999999998,0.05499999999999999,-0.03699999999999992,,False,,,,,,
1627824,Guerschon Yabusele,CHI,30.0,67,15.0,1.9,4.7,0.401,1.0,2.9,0.352,0.8,1.1,0.75,0.8,2.7,3.5,0.9,0.6,0.4,0.2,5.6,-2.5,107.4,115.3,-7.9,0.087,0.052,0.17,0.11,0.511,0.543,0.155,103.86,0.077,2025-26,2026,-12.100000000000001,-5.4,-2.0999999999999996,-1.2000000000000002,-0.5,-0.4,-0.09999999999999998,-0.008000000000000007,-0.07299999999999995,,False,,,,,,
1627826,Ivica Zubac,IND,29.0,48,30.1,6.0,10.0,0.598,0.0,0.0,0.0,2.1,3.0,0.711,3.4,7.2,10.6,2.2,1.8,0.4,0.8,14.1,-1.0,115.6,117.9,-2.4,0.11,0.117,0.234,0.178,0.598,0.622,0.186,97.51,0.13,2025-26,2026,-2.6999999999999957,-2.700000000000001,-2.0,-0.5,0.0,-0.29999999999999993,-0.30000000000000004,-0.006000000000000005,-0.019000000000000017,,False,,,,,,
1627827,Dorian Finney-Smith,HOU,33.0,37,16.8,1.2,3.6,0.333,0.7,2.7,0.27,0.2,0.2,0.889,0.9,1.6,2.5,1.0,0.6,0.4,0.2,3.3,0.4,109.4,107.6,1.8,0.078,0.054,0.087,0.071,0.436,0.452,0.104,99.32,0.034,2025-26,2026,-12.099999999999998,-5.3999999999999995,-1.4,-0.3999999999999999,-1.3,-0.5,-0.2,-0.019000000000000003,-0.15199999999999997,,False,,,,,,
1627884,Derrick Jones Jr.,LAC,29.0,50,27.0,3.8,7.6,0.499,1.1,3.1,0.359,1.4,1.9,0.763,1.2,2.2,3.5,1.4,0.8,0.9,1.0,10.1,2.6,117.9,113.8,4.0,0.068,0.047,0.082,0.065,0.571,0.6,0.144,99.15,0.072,2025-26,2026,2.6999999999999993,0.0,0.10000000000000009,0.5999999999999999,0.10000000000000009,-0.09999999999999998,0.6,-0.016000000000000014,-0.009000000000000008,,False,,,,,,
1627936,Alex Caruso,OKC,32.0,56,18.2,2.3,5.4,0.423,0.9,3.2,0.293,0.7,0.9,0.804,0.5,2.3,2.8,2.0,0.9,1.3,0.3,6.2,6.8,116.9,99.3,17.6,0.145,0.028,0.113,0.073,0.512,0.54,0.152,102.74,0.093,2025-26,2026,-1.1000000000000014,-0.8999999999999995,-0.10000000000000009,-0.5,-0.20000000000000007,-0.30000000000000004,-0.3,0.0050000000000000044,-0.027999999999999914,,False,,,,,,
1628365,Markelle Fultz,TOR,28.0,5,7.2,0.4,2.2,0.182,0.0,0.0,0.0,0.0,0.0,0.0,0.0,0.2,0.2,1.6,0.8,0.4,0.0,0.8,-7.2,90.4,130.6,-40.2,0.308,0.0,0.025,0.013,0.182,0.182,0.163,112.73,0.0,2025-26,2026,-1.6000000000000005,-2.0999999999999996,-0.8,0.30000000000000004,-0.2,-0.09999999999999998,-0.1,-0.033,-0.27,,False,,,,,,
1628366,Lonzo Ball,CLE,28.0,35,20.8,1.5,5.0,0.301,1.1,4.2,0.272,0.4,0.6,0.667,0.7,3.3,4.0,3.9,1.5,1.3,0.3,4.6,0.9,111.0,109.7,1.3,0.236,0.032,0.148,0.089,0.415,0.432,0.13,104.87,0.077,2025-26,2026,-1.3999999999999986,-3.0,0.6000000000000001,0.6000000000000001,-0.7999999999999998,0.0,-0.2,-0.021999999999999992,-0.09200000000000003,,False,,,,,,
1628368,De'Aaron Fox,SAS,28.0,72,31.0,7.1,14.5,0.486,1.8,5.5,0.332,2.6,3.4,0.76,0.6,3.2,3.8,6.2,2.3,1.2,0.3,18.6,6.3,118.8,108.9,9.9,0.286,0.018,0.092,0.056,0.549,0.578,0.242,103.67,0.117,2025-26,2026,-5.100000000000001,-4.899999999999999,-1.0,-0.09999999999999964,-0.09999999999999987,-0.30000000000000004,-0.10000000000000003,-0.03200000000000003,0.017999999999999905,,False,,,,,,
1628369,Jayson Tatum,BOS,28.0,16,32.6,7.4,17.9,0.411,2.9,8.9,0.329,4.1,4.9,0.823,0.5,9.5,10.0,5.3,2.4,1.4,0.2,21.8,7.4,120.7,110.2,10.5,0.246,0.015,0.274,0.148,0.493,0.541,0.29,98.1,0.159,2025-26,2026,-3.799999999999997,-5.0,1.3000000000000007,-0.7000000000000002,-0.6000000000000001,0.2999999999999998,-0.3,-0.01100000000000001,-0.040999999999999925,,False,,,,,,
1628370,Malik Monk,SAC,28.0,62,22.0,4.5,10.2,0.438,2.0,5.1,0.395,1.5,1.7,0.879,0.2,1.6,1.9,3.0,1.5,0.6,0.4,12.5,-4.1,110.0,118.3,-8.3,0.208,0.01,0.071,0.041,0.536,0.568,0.234,102.11,0.094,2025-26,2026,-9.600000000000001,-4.699999999999999,-1.9,-2.5999999999999996,-0.10000000000000009,-0.30000000000000004,-0.19999999999999996,-0.001999999999999974,0.018999999999999906,,False,,,,,,
1628371,Jonathan Isaac,ORL,28.0,52,10.0,0.9,2.1,0.422,0.1,0.7,0.184,0.7,1.1,0.603,0.8,1.7,2.5,0.4,0.3,0.4,0.6,2.6,-0.7,104.7,106.1,-1.3,0.062,0.071,0.165,0.115,0.454,0.498,0.119,102.61,0.078,2025-26,2026,-5.4,-2.8000000000000003,-1.9000000000000004,-0.19999999999999996,-0.4,-0.5,-0.5000000000000001,-0.036000000000000004,-0.014000000000000012,,False,,,,,,
1628374,Lauri Markkanen,UTA,29.0,42,34.3,9.1,19.2,0.477,2.7,7.7,0.355,5.7,6.4,0.896,2.0,4.9,6.9,2.1,1.5,1.0,0.5,26.7,-1.3,113.6,115.2,-1.5,0.101,0.054,0.134,0.094,0.548,0.608,0.269,104.48,0.139,2025-26,2026,2.8999999999999986,7.699999999999999,1.0,0.6000000000000001,-0.19999999999999973,0.30000000000000004,0.09999999999999998,0.038000000000000006,0.03700000000000003,,False,,,,,,
1628378,Donovan Mitchell,CLE,29.0,70,33.5,9.7,20.0,0.483,3.2,8.8,0.364,5.3,6.1,0.865,0.7,3.8,4.5,5.7,2.8,1.5,0.3,27.9,5.3,119.3,112.1,7.2,0.266,0.021,0.108,0.065,0.563,0.613,0.311,103.13,0.152,2025-26,2026,2.1000000000000014,3.8999999999999986,0.0,0.7000000000000002,-0.09999999999999964,0.19999999999999996,0.09999999999999998,0.013000000000000012,0.038000000000000034,,False,,,,,,
1628379,Luke Kennard,LAL,30.0,78,21.5,3.0,5.7,0.533,1.5,3.1,0.478,0.8,0.9,0.913,0.4,1.9,2.3,2.2,0.8,0.7,0.1,8.4,0.5,114.2,113.7,0.5,0.139,0.019,0.086,0.053,0.665,0.689,0.131,101.7,0.089,2025-26,2026,-1.1000000000000014,-0.5,-0.5,-1.0999999999999996,-0.19999999999999996,-0.10000000000000009,0.0,-0.009000000000000008,0.05799999999999994,,False,,,,,,
1628380,Zach Collins,CHI,28.0,10,18.4,3.7,6.4,0.578,0.9,2.1,0.429,1.4,2.0,0.7,1.6,4.0,5.6,1.5,1.0,0.2,0.4,9.7,1.8,115.0,111.6,3.4,0.114,0.081,0.205,0.143,0.648,0.666,0.177,104.24,0.123,2025-26,2026,3.099999999999998,3.299999999999999,1.0999999999999996,-0.19999999999999996,0.4,-0.3,-0.09999999999999998,0.010999999999999982,0.061000000000000054,,False,,,,,,
1628381,John Collins,LAC,28.0,69,27.1,5.3,9.6,0.552,1.3,3.2,0.406,1.7,2.2,0.766,1.6,3.7,5.3,1.0,1.4,0.9,0.7,13.6,-0.6,113.9,115.1,-1.2,0.058,0.061,0.135,0.099,0.62,0.643,0.188,97.98,0.098,2025-26,2026,-3.3999999999999986,-5.4,-2.8999999999999995,-1.0,-0.19999999999999996,-0.09999999999999998,-0.30000000000000004,-0.04600000000000001,0.015000000000000013,,False,,,,,,
1628384,OG Anunoby,NYK,28.0,67,33.2,5.8,12.0,0.484,2.3,6.1,0.386,2.7,3.3,0.828,1.3,4.0,5.2,2.2,1.8,1.6,0.7,16.7,6.1,119.4,110.2,9.2,0.09,0.039,0.116,0.078,0.581,0.62,0.194,99.84,0.099,2025-26,2026,-3.3999999999999986,-1.3000000000000007,0.40000000000000036,0.0,0.0,0.10000000000000009,-0.20000000000000007,-0.0010000000000000009,0.029000000000000026,,False,,,,,,
1628386,Jarrett Allen,CLE,28.0,56,27.1,6.0,9.4,0.638,0.0,0.2,0.1,3.3,4.7,0.709,2.6,5.9,8.5,1.8,1.3,1.0,0.8,15.4,3.8,119.3,112.9,6.4,0.092,0.097,0.202,0.152,0.639,0.669,0.196,102.56,0.143,2025-26,2026,-0.8999999999999986,1.9000000000000004,-1.1999999999999993,-0.09999999999999987,0.0,0.09999999999999998,-0.09999999999999998,0.04000000000000001,-0.05499999999999994,,False,,,,,,
1628389,Bam Adebayo,MIA,28.0,73,32.4,6.9,15.7,0.442,1.7,5.5,0.318,4.5,5.8,0.778,2.0,8.0,10.0,3.2,1.6,1.2,0.7,20.1,4.5,117.1,111.0,6.1,0.142,0.059,0.236,0.146,0.497,0.551,0.248,103.89,0.138,2025-26,2026,-1.8999999999999986,2.0,0.40000000000000036,-1.0999999999999996,0.7,-0.10000000000000009,0.0,0.015999999999999986,-0.010000000000000009,,False,,,,,,
1628392,Isaiah Hartenstein,OKC,28.0,47,24.2,3.9,6.3,0.622,0.0,0.1,0.0,1.4,2.2,0.61,3.2,6.3,9.4,3.5,1.7,1.0,0.8,9.2,7.8,118.8,103.2,15.6,0.189,0.13,0.243,0.188,0.622,0.631,0.153,100.69,0.143,2025-26,2026,-3.6999999999999993,-2.0,-1.299999999999999,-0.2999999999999998,0.0,0.19999999999999996,-0.30000000000000004,-0.01200000000000001,0.03200000000000003,,False,,,,,,
1628396,Tony Bradley,ATL,28.0,41,11.0,1.6,2.9,0.547,0.0,0.1,0.5,0.8,1.0,0.744,1.5,1.4,2.8,0.5,0.4,0.1,0.2,4.0,-3.4,104.6,118.8,-14.2,0.077,0.111,0.133,0.121,0.556,0.596,0.136,102.19,0.074,2025-26,2026,2.9000000000000004,-0.40000000000000036,-0.20000000000000018,0.09999999999999998,-0.1,0.0,-0.39999999999999997,-0.045999999999999985,-0.04400000000000004,,False,,,,,,
1628398,Kyle Kuzma,MIL,30.0,69,26.2,4.9,10.0,0.492,1.2,3.5,0.347,2.0,2.7,0.726,0.8,3.7,4.5,2.7,1.7,0.7,0.4,13.0,-4.1,110.2,116.8,-6.6,0.153,0.032,0.134,0.084,0.552,0.581,0.212,100.59,0.096,2025-26,2026,-3.6000000000000014,-1.8000000000000007,-1.2000000000000002,0.40000000000000036,-0.30000000000000004,0.09999999999999998,0.10000000000000003,-0.02100000000000002,0.06699999999999995,,False,,,,,,
1628401,Derrick White,BOS,31.0,77,34.1,5.7,14.4,0.394,2.7,8.3,0.327,2.4,2.6,0.902,1.1,3.3,4.4,5.4,1.7,1.1,1.3,16.5,7.8,119.3,108.0,11.3,0.221,0.032,0.09,0.061,0.489,0.529,0.216,96.35,0.109,2025-26,2026,0.20000000000000284,0.10000000000000142,-0.09999999999999964,0.6000000000000005,-0.7999999999999998,0.20000000000000007,0.19999999999999996,0.02099999999999999,-0.07699999999999996,,False,,,,,,
1628404,Josh Hart,NYK,31.0,66,30.2,4.6,9.0,0.508,1.5,3.7,0.413,1.4,1.9,0.72,1.4,6.0,7.4,4.8,1.9,1.1,0.3,12.0,3.2,118.0,112.5,5.5,0.212,0.047,0.2,0.123,0.593,0.612,0.163,98.97,0.118,2025-26,2026,-7.400000000000002,-1.5999999999999996,-2.1999999999999993,-1.1000000000000005,0.3999999999999999,-0.3999999999999999,-0.10000000000000003,0.01200000000000001,0.0010000000000000009,,False,,,,,,
1628415,Dillon Brooks,PHX,30.0,56,30.4,7.4,17.1,0.435,2.3,6.6,0.344,3.0,3.6,0.842,0.8,2.9,3.6,1.8,1.8,1.0,0.2,20.2,-0.9,113.7,114.8,-1.1,0.095,0.024,0.094,0.058,0.501,0.54,0.279,100.54,0.088,2025-26,2026,-1.4000000000000021,6.199999999999999,-0.10000000000000009,0.10000000000000009,-0.20000000000000018,0.19999999999999996,0.0,0.10300000000000004,-0.015000000000000013,,False,,,,,,
1628418,Thomas Bryant,CLE,28.0,60,12.2,2.3,4.5,0.506,0.8,2.2,0.359,0.9,1.1,0.803,1.0,2.4,3.4,0.6,0.5,0.3,0.4,6.2,0.7,114.4,110.7,3.6,0.067,0.074,0.184,0.129,0.594,0.625,0.182,102.45,0.115,2025-26,2026,-2.4000000000000004,-0.2999999999999998,-0.3999999999999999,-0.20000000000000007,0.10000000000000009,-0.10000000000000003,-0.19999999999999996,0.01999999999999999,0.01100000000000001,,False,,,,,,
1628420,Monte Morris,IND,31.0,6,10.8,1.2,3.3,0.35,0.3,1.3,0.25,0.3,0.7,0.5,0.2,1.0,1.2,1.5,0.3,0.2,0.2,3.0,-4.8,83.3,104.2,-20.9,0.29,0.012,0.08,0.044,0.4,0.414,0.141,106.6,0.076,2025-26,2026,-1.8999999999999986,-2.2,-0.30000000000000004,-0.10000000000000009,-0.39999999999999997,-0.2,0.1,-0.032,-0.13200000000000006,,False,,,,,,
1628436,Luke Kornet,SAS,30.0,68,21.0,2.6,4.0,0.643,0.0,0.0,0.0,1.4,1.7,0.825,2.7,3.4,6.1,1.9,0.4,0.5,1.0,6.5,1.7,114.4,110.5,3.9,0.114,0.116,0.147,0.132,0.643,0.689,0.1,102.41,0.109,2025-26,2026,2.3999999999999986,0.5,0.7999999999999998,0.2999999999999998,0.0,0.0,0.0,-0.010999999999999996,0.005999999999999894,,False,,,,,,
1628449,Chris Boucher,BOS,33.0,9,10.5,0.9,2.8,0.32,0.2,1.7,0.133,0.3,0.4,0.75,0.2,1.8,2.0,0.3,0.1,0.6,0.8,2.3,0.6,114.3,109.9,4.4,0.042,0.019,0.151,0.086,0.36,0.392,0.128,97.12,0.04,2025-26,2026,-6.699999999999999,-7.7,-2.5,-0.39999999999999997,-1.2,0.09999999999999998,0.30000000000000004,-0.07999999999999999,-0.22299999999999998,,False,,,,,,
1628467,Maxi Kleber,LAL,34.0,43,10.7,0.8,1.7,0.452,0.1,0.6,0.231,0.3,0.6,0.538,0.8,1.1,2.0,0.6,0.4,0.4,0.3,2.0,1.3,113.4,110.3,3.1,0.075,0.084,0.107,0.095,0.493,0.509,0.092,101.41,0.038,2025-26,2026,-8.0,-1.0,-0.7999999999999998,-0.7000000000000001,-0.30000000000000004,0.10000000000000003,-0.2,0.006999999999999992,0.020000000000000018,,False,,,,,,
1628502,Nigel Hayes-Davis,PHX,31.0,27,7.2,0.6,1.7,0.326,0.1,0.6,0.125,0.1,0.1,0.5,0.4,0.8,1.2,0.3,0.3,0.3,0.1,1.3,-2.7,95.1,112.8,-17.7,0.055,0.057,0.113,0.083,0.348,0.356,0.116,99.83,0.028,2025-26,2026,0.0,0.0,0.0,0.0,0.0,0.0,0.0,0.0,0.0,,False,,,,,,
1628960,Grayson Allen,PHX,30.0,51,28.8,5.3,13.1,0.403,3.1,8.9,0.349,2.8,3.3,0.857,0.7,2.3,3.0,3.8,1.6,1.4,0.3,16.5,0.4,113.9,113.8,0.1,0.206,0.023,0.081,0.051,0.522,0.568,0.231,99.12,0.105,2025-26,2026,4.699999999999999,5.9,0.0,1.6999999999999997,0.8000000000000003,0.5999999999999999,0.0,0.062,-0.06300000000000006,,False,,,,,,
1628963,Marvin Bagley III,DAL,27.0,60,20.0,4.2,6.9,0.618,0.4,0.9,0.462,1.6,2.4,0.66,2.5,3.6,6.1,1.4,1.0,0.5,0.7,10.5,-3.7,109.9,119.0,-9.1,0.107,0.116,0.171,0.143,0.647,0.661,0.18,103.2,0.123,2025-26,2026,11.4,6.1,3.3999999999999995,0.9999999999999999,0.30000000000000004,0.2,0.39999999999999997,-0.020000000000000018,0.10099999999999998,,False,,,,,,
1628964,Mo Bamba,UTA,28.0,4,11.0,1.3,2.8,0.455,0.0,0.0,0.0,0.0,0.0,0.0,2.5,3.0,5.5,0.3,0.5,0.0,0.8,2.5,-3.3,101.1,114.4,-13.3,0.037,0.208,0.226,0.218,0.455,0.455,0.123,98.08,0.091,2025-26,2026,-1.9000000000000004,-1.7999999999999998,1.0,-0.3,-0.5,-0.3,-0.19999999999999996,-0.026999999999999996,-0.10200000000000004,,False,,,,,,
1628969,Mikal Bridges,NYK,29.0,82,32.8,5.8,11.7,0.49,1.9,5.1,0.371,1.0,1.2,0.827,1.0,2.8,3.8,3.7,1.0,1.3,0.8,14.4,3.6,118.0,112.0,6.0,0.158,0.029,0.085,0.057,0.571,0.587,0.17,98.88,0.099,2025-26,2026,-4.200000000000003,-3.200000000000001,0.5999999999999996,0.0,-0.10000000000000009,0.4,0.30000000000000004,-0.021999999999999992,0.0020000000000000018,,False,,,,,,
1628970,Miles Bridges,CHA,28.0,77,31.0,6.2,13.5,0.46,1.9,5.8,0.333,2.7,3.3,0.822,1.0,4.9,5.8,3.2,1.4,0.6,0.4,17.1,1.9,118.3,114.8,3.5,0.154,0.03,0.155,0.092,0.531,0.57,0.221,98.66,0.114,2025-26,2026,-0.6999999999999993,-3.1999999999999993,-1.7000000000000002,-0.6999999999999997,-0.30000000000000027,-0.09999999999999998,-0.29999999999999993,-0.05200000000000002,0.028999999999999915,,False,,,,,,
1628971,Bruce Brown,DEN,29.0,82,24.4,3.0,6.4,0.475,0.7,1.8,0.385,1.2,1.5,0.762,1.0,2.8,3.9,2.1,1.1,1.0,0.2,7.9,-0.9,114.2,115.2,-1.0,0.121,0.043,0.109,0.077,0.53,0.562,0.142,100.24,0.069,2025-26,2026,1.8999999999999986,-0.40000000000000036,-0.10000000000000009,0.10000000000000009,0.0,0.19999999999999996,0.0,-0.027000000000000024,0.05800000000000005,,False,,,,,,
1628973,Jalen Brunson,NYK,29.0,74,35.0,9.3,19.9,0.467,2.6,7.1,0.369,4.8,5.7,0.841,0.4,2.9,3.3,6.8,2.4,0.8,0.1,26.0,4.8,120.2,114.1,6.1,0.307,0.012,0.083,0.047,0.533,0.58,0.296,98.25,0.135,2025-26,2026,-0.3999999999999986,0.0,0.3999999999999999,-0.5,0.30000000000000027,-0.09999999999999998,0.0,0.007000000000000006,-0.025000000000000022,,False,,,,,,
1628975,Jevon Carter,ORL,30.0,53,16.4,2.3,5.8,0.401,1.5,4.1,0.363,0.3,0.4,0.789,0.3,1.4,1.7,1.6,0.7,0.8,0.2,6.4,-1.6,110.0,115.6,-5.7,0.148,0.015,0.085,0.048,0.528,0.537,0.166,101.62,0.074,2025-26,2026,7.499999999999998,2.1000000000000005,0.5999999999999999,0.5,0.5,0.4,0.1,-0.034,0.028000000000000025,,False,,,,,,
1628976,Wendell Carter Jr.,ORL,27.0,78,29.3,4.2,8.2,0.512,0.9,2.9,0.319,2.5,3.2,0.792,2.1,5.3,7.4,2.0,1.3,0.8,0.6,11.8,1.2,113.5,111.3,2.2,0.095,0.07,0.177,0.124,0.568,0.617,0.156,101.62,0.096,2025-26,2026,3.400000000000002,2.700000000000001,0.20000000000000018,0.0,0.4,0.0,0.0,-0.0030000000000000027,0.07299999999999995,,False,,,,,,
1628978,Donte DiVincenzo,MIN,29.0,82,30.4,4.1,10.2,0.406,3.0,7.9,0.379,1.0,1.3,0.743,0.8,3.3,4.1,3.8,1.4,1.3,0.4,12.2,4.1,116.3,110.0,6.2,0.164,0.026,0.1,0.064,0.552,0.567,0.164,102.07,0.084,2025-26,2026,4.5,0.5,0.39999999999999947,0.19999999999999973,0.20000000000000018,0.10000000000000009,0.10000000000000003,-0.023999999999999994,-0.015000000000000013,,False,,,,,,
1628983,Shai Gilgeous-Alexander,OKC,27.0,68,33.2,10.8,19.4,0.553,1.7,4.4,0.386,7.9,9.0,0.879,0.6,3.7,4.3,6.6,2.2,1.4,0.8,31.1,11.6,121.5,105.2,16.3,0.332,0.017,0.1,0.062,0.597,0.665,0.323,101.84,0.207,2025-26,2026,-1.0,-1.6000000000000014,-0.7000000000000002,0.1999999999999993,-0.40000000000000013,-0.30000000000000004,-0.19999999999999996,-0.013000000000000012,0.028000000000000025,,False,,,,,,
1628988,Aaron Holiday,HOU,29.0,57,13.7,1.8,4.4,0.417,1.2,3.0,0.394,0.6,0.7,0.854,0.2,0.8,1.0,1.1,0.7,0.5,0.1,5.5,2.3,114.6,106.3,8.3,0.105,0.016,0.054,0.035,0.55,0.578,0.159,99.63,0.063,2025-26,2026,0.8999999999999986,0.0,-0.30000000000000004,-0.19999999999999996,0.0,0.2,-0.1,-0.0030000000000000027,-0.016000000000000014,,False,,,,,,
1628989,Kevin Huerter,DET,27.0,69,22.5,3.9,8.6,0.451,1.4,4.7,0.308,0.8,1.0,0.775,0.5,3.0,3.5,2.6,1.0,0.9,0.5,10.0,1.2,113.1,110.8,2.3,0.161,0.021,0.125,0.074,0.535,0.552,0.184,102.94,0.093,2025-26,2026,-1.8000000000000007,0.09999999999999964,0.5,0.30000000000000027,-0.5,-0.09999999999999998,0.2,0.012999999999999984,0.008000000000000007,,False,,,,,,
1628991,Jaren Jackson Jr.,UTA,26.0,48,30.3,7.1,15.0,0.476,1.8,4.9,0.357,3.4,4.2,0.803,0.9,4.8,5.7,2.0,2.2,1.1,1.4,19.4,-1.3,108.7,110.8,-2.0,0.105,0.027,0.14,0.085,0.534,0.576,0.253,103.6,0.107,2025-26,2026,0.5,-2.8000000000000007,0.10000000000000053,0.0,-0.19999999999999996,-0.09999999999999987,-0.10000000000000009,-0.02100000000000002,-0.015000000000000013,,False,,,,,,
1628997,Caleb Martin,DAL,30.0,58,14.8,1.5,3.3,0.45,0.3,1.0,0.351,0.6,1.1,0.607,0.5,2.0,2.5,1.4,0.7,0.7,0.3,3.9,-3.4,102.9,112.1,-9.2,0.131,0.03,0.125,0.077,0.503,0.526,0.122,105.2,0.063,2025-26,2026,-12.3,-4.0,-1.4,-0.7000000000000002,-0.5,-0.30000000000000004,-0.2,-0.02099999999999999,0.013000000000000012,,False,,,,,,
1628998,Cody Martin,IND,30.0,4,13.8,0.5,2.5,0.2,0.0,1.3,0.0,0.8,1.5,0.5,0.3,3.3,3.5,0.5,1.0,1.0,0.5,1.8,-7.0,79.0,99.2,-20.2,0.065,0.013,0.183,0.094,0.2,0.277,0.119,105.26,0.045,2025-26,2026,-8.3,-5.0,-0.7000000000000002,-1.5,-0.8,-0.10000000000000009,-0.09999999999999998,-0.022999999999999993,-0.23199999999999998,,False,,,,,,
1629001,De'Anthony Melton,GSW,28.0,49,23.0,4.4,10.8,0.407,1.5,5.0,0.294,2.0,2.5,0.826,0.8,2.4,3.2,2.6,1.9,1.6,0.4,12.3,1.9,114.3,110.4,3.9,0.164,0.033,0.108,0.07,0.475,0.518,0.244,101.48,0.09,2025-26,2026,2.8000000000000007,2.0,-0.09999999999999964,-0.19999999999999973,-0.7000000000000002,0.40000000000000013,0.10000000000000003,0.02099999999999999,-0.02100000000000002,,False,,,,,,
1629004,Svi Mykhailiuk,UTA,29.0,50,23.1,3.5,7.2,0.478,2.0,4.8,0.408,0.5,0.6,0.893,0.7,1.8,2.5,1.9,0.8,0.5,0.1,9.4,-1.5,114.9,117.9,-3.0,0.107,0.029,0.074,0.051,0.613,0.626,0.143,103.74,0.074,2025-26,2026,3.1000000000000014,0.5999999999999996,0.10000000000000009,-0.10000000000000009,0.19999999999999996,0.0,-0.1,-0.05500000000000002,0.09999999999999998,,False,,,,,,
1629006,Josh Okogie,HOU,27.0,78,17.4,1.6,3.8,0.425,0.8,2.1,0.385,0.5,0.9,0.594,1.0,1.5,2.6,0.9,0.5,0.8,0.2,4.5,0.9,115.4,109.9,5.6,0.065,0.059,0.085,0.072,0.531,0.544,0.112,98.25,0.056,2025-26,2026,1.799999999999999,-2.5999999999999996,-0.19999999999999973,0.09999999999999998,0.0,-0.3999999999999999,-0.3,-0.073,-0.02299999999999991,,False,,,,,,
1629008,Michael Porter Jr.,BKN,28.0,52,32.5,8.5,18.4,0.463,3.4,9.3,0.363,3.8,4.4,0.859,1.3,5.7,7.1,3.0,2.3,1.1,0.3,24.2,-3.9,113.0,119.6,-6.6,0.165,0.04,0.188,0.11,0.555,0.595,0.292,97.97,0.141,2025-26,2026,-1.2000000000000028,6.0,0.09999999999999964,0.8999999999999999,0.8999999999999999,0.5000000000000001,-0.2,0.09499999999999997,-0.02200000000000002,,False,,,,,,
1629011,Mitchell Robinson,NYK,28.0,60,19.6,2.5,3.4,0.723,0.0,0.0,0.0,0.7,1.7,0.408,4.2,4.6,8.8,0.9,0.7,0.9,1.2,5.7,2.6,117.7,109.9,7.8,0.058,0.201,0.227,0.214,0.723,0.676,0.102,98.23,0.124,2025-26,2026,2.5,0.6000000000000005,2.9000000000000004,0.09999999999999998,0.0,0.0,0.09999999999999987,-0.007000000000000006,0.0,,False,,,,,,
1629012,Collin Sexton,CHI,27.0,68,23.7,5.3,10.9,0.485,1.6,4.1,0.401,3.2,3.8,0.855,0.6,1.7,2.3,3.3,2.1,1.1,0.1,15.4,-1.7,110.5,113.6,-3.0,0.217,0.024,0.065,0.045,0.561,0.615,0.248,103.17,0.113,2025-26,2026,-4.199999999999999,-2.9999999999999982,-0.40000000000000036,-0.9000000000000004,-0.09999999999999987,0.40000000000000013,0.0,-0.016000000000000014,0.02200000000000002,,False,,,,,,
1629013,Landry Shamet,NYK,29.0,51,23.0,3.1,7.1,0.437,2.0,5.2,0.392,1.1,1.5,0.711,0.5,1.4,1.8,1.4,0.6,0.6,0.2,9.3,3.7,115.2,107.0,8.1,0.084,0.019,0.058,0.038,0.578,0.598,0.151,99.44,0.07,2025-26,2026,7.800000000000001,3.6000000000000005,0.6000000000000001,0.8999999999999999,0.8,0.09999999999999998,0.2,0.008000000000000007,-0.0030000000000000027,,False,,,,,,
1629014,Anfernee Simons,CHI,27.0,55,24.9,5.2,11.8,0.44,2.7,6.9,0.385,1.3,1.4,0.896,0.6,1.9,2.5,2.4,1.2,0.5,0.1,14.3,1.8,116.9,114.0,3.0,0.151,0.021,0.075,0.047,0.552,0.576,0.227,97.42,0.096,2025-26,2026,-7.800000000000004,-5.0,-0.20000000000000018,-2.4,-0.3999999999999999,-0.4,0.0,-0.013999999999999985,0.018999999999999906,,False,,,,,,
1629018,Gary Trent Jr.,MIL,27.0,65,21.2,2.8,7.3,0.387,1.9,5.3,0.36,0.6,0.8,0.769,0.1,0.9,1.0,1.2,0.6,0.5,0.0,8.1,-5.4,107.9,120.4,-12.4,0.082,0.006,0.044,0.024,0.517,0.533,0.167,99.53,0.047,2025-26,2026,-4.400000000000002,-3.0,-1.2999999999999998,0.0,-0.5,-0.5,-0.1,-0.0010000000000000009,-0.05799999999999994,,False,,,,,,
1629020,Jarred Vanderbilt,LAL,27.0,65,17.3,1.7,3.7,0.471,0.4,1.5,0.293,0.5,0.9,0.589,1.2,3.3,4.5,1.3,0.9,0.8,0.3,4.4,0.1,113.9,113.7,0.2,0.098,0.073,0.194,0.133,0.531,0.544,0.119,100.41,0.08,2025-26,2026,1.1999999999999993,0.3000000000000007,-0.5999999999999996,0.19999999999999996,0.10000000000000003,-0.19999999999999996,0.0,0.002999999999999989,0.007000000000000006,,False,,,,,,
1629021,Moritz Wagner,ORL,29.0,36,11.8,2.3,5.4,0.426,0.6,1.9,0.314,1.6,2.0,0.819,0.8,2.4,3.2,0.8,0.5,0.4,0.1,6.9,-2.4,107.2,117.2,-10.0,0.107,0.056,0.207,0.127,0.482,0.545,0.237,101.6,0.106,2025-26,2026,-7.0,-6.0,-1.7000000000000002,-0.5999999999999999,-0.30000000000000004,-0.4,-0.30000000000000004,-0.017000000000000015,-0.10399999999999998,,False,,,,,,
1629023,P.J. Washington,DAL,27.0,56,31.0,5.3,11.8,0.45,1.4,4.2,0.325,2.2,3.3,0.687,1.5,5.5,7.0,1.8,1.7,1.0,1.1,14.2,-4.9,107.0,114.4,-7.3,0.082,0.045,0.162,0.105,0.508,0.537,0.194,103.86,0.093,2025-26,2026,-1.2000000000000028,-0.5,-0.7999999999999998,-0.4999999999999998,-0.20000000000000018,-0.10000000000000009,0.0,-0.0040000000000000036,-0.019000000000000017,,False,,,,,,
1629026,Kenrich Williams,OKC,31.0,56,15.3,2.5,5.3,0.473,0.9,2.3,0.388,0.6,0.9,0.635,1.1,2.3,3.3,1.4,0.8,0.6,0.1,6.5,0.8,112.6,109.5,3.1,0.132,0.068,0.143,0.106,0.557,0.569,0.178,100.84,0.098,2025-26,2026,-1.0999999999999979,0.20000000000000018,-0.20000000000000018,0.0,-0.09999999999999998,0.0,0.0,0.026999999999999996,-0.018000000000000016,,False,,,,,,
1629027,Trae Young,WAS,27.0,15,25.6,5.4,11.8,0.458,1.8,5.3,0.338,5.3,6.5,0.825,0.3,1.7,2.0,8.0,2.6,0.9,0.1,17.9,-4.4,116.1,124.1,-8.1,0.44,0.009,0.067,0.037,0.534,0.612,0.262,108.13,0.128,2025-26,2026,-10.399999999999999,-6.300000000000001,-1.1,-3.5999999999999996,-1.0999999999999999,-0.29999999999999993,-0.1,-0.022999999999999965,0.04500000000000004,,False,,,,,,
1629028,Deandre Ayton,LAL,27.0,72,27.2,5.6,8.3,0.671,0.0,0.0,0.0,1.3,2.0,0.645,2.6,5.4,8.0,0.8,1.2,0.6,1.0,12.5,-0.1,115.6,115.5,0.1,0.044,0.103,0.2,0.154,0.671,0.676,0.164,99.65,0.117,2025-26,2026,-2.900000000000002,-1.9000000000000004,-2.1999999999999993,-0.8,-0.2,-0.20000000000000007,0.0,-0.033,0.09300000000000008,,False,,,,,,
1629029,Luka Dončić,LAL,27.0,64,35.8,10.8,22.8,0.476,4.0,10.8,0.366,7.9,10.1,0.78,0.6,7.1,7.7,8.3,4.0,1.6,0.5,33.5,2.9,119.4,115.6,3.8,0.387,0.019,0.194,0.11,0.563,0.616,0.368,100.73,0.188,2025-26,2026,0.3999999999999986,5.300000000000001,-0.4999999999999991,0.6000000000000005,0.5,-0.19999999999999996,0.09999999999999998,0.03999999999999998,0.029000000000000026,,False,,,,,,
1629048,Goga Bitadze,ORL,26.0,64,15.2,2.4,3.5,0.676,0.0,0.2,0.182,1.1,1.5,0.711,2.1,2.9,5.0,1.3,0.7,0.6,1.0,5.9,0.3,112.6,111.0,1.6,0.124,0.131,0.183,0.157,0.68,0.7,0.128,102.52,0.122,2025-26,2026,-5.199999999999999,-1.2999999999999998,-1.5999999999999996,-0.7,0.0,-0.09999999999999998,-0.3999999999999999,-0.013999999999999985,0.06899999999999995,,False,,,,,,
1629057,Robert Williams III,POR,28.0,59,17.1,3.0,4.2,0.708,0.2,0.4,0.391,0.6,1.0,0.596,2.4,4.6,7.0,1.0,0.8,0.6,1.5,6.7,1.2,110.6,107.2,3.4,0.089,0.133,0.25,0.192,0.726,0.722,0.129,102.86,0.163,2025-26,2026,-0.5,0.9000000000000004,1.0999999999999996,-0.10000000000000009,0.1,-0.09999999999999998,-0.19999999999999996,0.009000000000000008,0.04299999999999993,,False,,,,,,
1629060,Rui Hachimura,LAL,28.0,68,28.3,4.5,8.8,0.514,1.7,3.9,0.443,0.7,1.1,0.694,0.6,2.7,3.3,0.8,0.6,0.6,0.3,11.5,1.2,116.4,114.4,2.0,0.041,0.023,0.094,0.06,0.611,0.62,0.149,100.83,0.073,2025-26,2026,-3.3999999999999986,-1.5999999999999996,-1.7000000000000002,-0.5999999999999999,0.0,-0.20000000000000007,-0.10000000000000003,-0.007000000000000006,0.0010000000000000009,,False,,,,,,
1629111,Jock Landale,ATL,30.0,68,22.1,4.1,8.1,0.515,1.1,2.8,0.383,1.2,1.9,0.635,2.7,3.0,5.7,1.7,0.9,0.5,0.5,10.6,-0.8,114.6,116.8,-2.2,0.11,0.111,0.136,0.123,0.582,0.595,0.177,101.83,0.098,2025-26,2026,10.200000000000001,5.8,2.4000000000000004,0.7999999999999999,0.8,0.2,0.3,0.028999999999999998,0.0050000000000000044,,False,,,,,,
1629130,Duncan Robinson,DET,32.0,77,27.4,4.1,9.1,0.456,2.9,7.0,0.41,1.1,1.4,0.755,0.4,2.3,2.7,2.1,0.7,0.6,0.3,12.2,7.0,120.8,109.5,11.3,0.094,0.014,0.08,0.047,0.613,0.629,0.152,101.22,0.078,2025-26,2026,3.299999999999997,1.1999999999999993,0.40000000000000036,-0.2999999999999998,0.2999999999999998,0.09999999999999998,0.19999999999999998,-0.035,0.03400000000000003,,False,,,,,,
1629162,Jordan McLaughlin,SAS,30.0,44,6.4,0.8,1.8,0.418,0.4,0.9,0.425,0.1,0.2,0.857,0.2,0.6,0.7,0.9,0.3,0.5,0.0,2.0,-1.4,100.8,112.3,-11.5,0.199,0.024,0.093,0.057,0.525,0.542,0.143,101.67,0.091,2025-26,2026,-0.39999999999999947,-0.10000000000000009,0.0,-0.20000000000000007,0.0,0.2,0.0,0.00899999999999998,-0.05799999999999994,,False,,,,,,
1629216,Gabe Vincent,ATL,30.0,53,16.6,1.4,4.1,0.352,1.1,3.3,0.341,0.4,0.4,0.87,0.3,0.7,1.0,1.4,0.5,0.5,0.1,4.4,0.7,117.3,116.0,1.3,0.109,0.02,0.041,0.03,0.488,0.511,0.119,101.94,0.033,2025-26,2026,-4.599999999999998,-2.0,-0.30000000000000004,0.0,-0.3999999999999999,-0.19999999999999996,-0.1,-0.01200000000000001,-0.025000000000000022,,False,,,,,,
1629234,Drew Eubanks,SAC,29.0,42,13.1,2.2,3.7,0.596,0.0,0.2,0.143,0.8,1.4,0.561,0.9,2.1,3.0,0.5,0.7,0.4,0.6,5.2,-3.7,106.4,117.8,-11.4,0.052,0.069,0.154,0.112,0.599,0.605,0.161,102.17,0.082,2025-26,2026,0.9000000000000004,0.6000000000000005,-0.7000000000000002,-0.4,0.0,0.2,0.0,0.01200000000000001,-0.017000000000000015,,False,,,,,,
1629312,Haywood Highsmith,PHX,29.0,7,13.0,1.7,3.3,0.522,1.1,2.0,0.571,0.9,1.0,0.857,0.9,1.0,1.9,1.0,0.0,0.6,0.0,5.4,1.4,117.8,116.1,1.7,0.119,0.062,0.084,0.072,0.696,0.729,0.121,93.58,0.107,2025-26,2026,-11.600000000000001,-1.0999999999999996,-1.5,-0.5,-0.09999999999999987,-0.30000000000000004,-0.5,0.009999999999999995,0.14600000000000002,,False,,,,,,
1629599,Amir Coffey,PHX,29.0,46,10.7,1.2,2.5,0.487,0.4,1.1,0.347,0.5,0.6,0.786,0.4,0.8,1.2,0.6,0.2,0.2,0.1,3.2,-0.7,107.6,109.8,-2.2,0.076,0.039,0.073,0.057,0.562,0.594,0.117,98.4,0.068,2025-26,2026,-13.600000000000001,-6.499999999999999,-1.0000000000000002,-0.5000000000000001,-0.9999999999999999,-0.39999999999999997,0.0,-0.03299999999999999,-0.020000000000000018,,False,,,,,,
1629610,DaQuan Jeffries,SAC,28.0,3,20.0,3.7,6.3,0.579,1.3,3.0,0.444,1.7,1.7,1.0,1.0,0.7,1.7,0.3,0.0,0.7,0.0,10.3,0.3,121.5,120.7,0.8,0.025,0.042,0.038,0.041,0.684,0.731,0.141,96.96,0.078,2025-26,2026,-2.8000000000000007,3.6000000000000005,-1.2,-0.8,0.10000000000000009,0.09999999999999998,-0.5,0.004999999999999977,0.21299999999999997,,False,,,,,,
1629611,Terance Mann,BKN,29.0,63,24.3,2.7,5.8,0.457,0.9,2.4,0.364,1.0,1.3,0.788,1.1,2.1,3.2,3.0,1.1,0.7,0.2,7.2,-4.2,109.6,117.8,-8.2,0.182,0.044,0.089,0.066,0.533,0.564,0.133,98.07,0.066,2025-26,2026,3.1999999999999993,-0.5,0.20000000000000018,1.2,0.0,0.0,0.0,-0.011999999999999983,-0.020000000000000018,,False,,,,,,
1629614,Andrew Nembhard,IND,26.0,57,31.3,5.8,13.2,0.442,1.9,5.2,0.361,3.4,4.1,0.825,0.4,2.4,2.8,7.7,2.4,0.9,0.1,16.9,-6.9,109.3,119.3,-10.0,0.37,0.013,0.075,0.044,0.513,0.564,0.233,102.27,0.111,2025-26,2026,2.400000000000002,6.899999999999999,-0.5,2.7,1.0999999999999999,-0.29999999999999993,-0.1,0.07,0.018999999999999906,,False,,,,,,
1629618,Jalen Pickett,DEN,26.0,50,16.1,2.0,4.6,0.422,1.0,2.5,0.386,0.3,0.4,0.789,0.4,1.9,2.3,2.3,0.7,0.3,0.1,5.2,0.1,112.1,112.4,-0.4,0.208,0.022,0.107,0.067,0.528,0.541,0.148,97.97,0.084,2025-26,2026,2.5000000000000018,1.1000000000000005,0.8999999999999999,0.09999999999999964,0.19999999999999996,-0.10000000000000003,0.0,0.017999999999999988,-0.0040000000000000036,,False,,,,,,
1629622,Max Strus,CLE,30.0,12,24.0,3.9,8.8,0.443,2.8,6.8,0.402,0.6,0.8,0.778,0.8,4.7,5.4,2.0,0.8,0.3,0.0,11.2,-0.3,117.6,117.3,0.3,0.113,0.031,0.18,0.108,0.599,0.609,0.17,103.56,0.088,2025-26,2026,-1.5,1.799999999999999,1.1000000000000005,-1.2000000000000002,0.5,-0.2,-0.2,0.027000000000000024,0.0020000000000000018,,False,,,,,,
1629627,Zion Williamson,NOP,25.0,62,29.7,7.8,13.0,0.6,0.0,0.1,0.25,5.4,7.5,0.716,2.0,3.7,5.7,3.2,2.0,1.0,0.5,21.0,-1.3,113.0,114.9,-1.9,0.174,0.064,0.116,0.09,0.6,0.644,0.25,103.58,0.141,2025-26,2026,1.0999999999999979,-3.6000000000000014,-1.5,-2.0999999999999996,-0.1,-0.19999999999999996,-0.4,-0.07500000000000001,0.04400000000000004,,False,,,,,,
1629628,RJ Barrett,TOR,26.0,57,30.3,7.0,14.3,0.491,1.7,5.0,0.339,3.5,4.9,0.717,1.0,4.3,5.3,3.3,1.7,0.7,0.3,19.3,2.9,118.4,113.5,4.9,0.157,0.033,0.141,0.088,0.55,0.585,0.254,100.88,0.112,2025-26,2026,-1.9000000000000021,-1.8000000000000007,-1.0,-2.1000000000000005,-0.10000000000000009,-0.10000000000000009,0.0,-0.027000000000000024,0.03799999999999992,,False,,,,,,
1629630,Ja Morant,MEM,26.0,20,28.4,6.6,16.1,0.41,1.0,4.3,0.235,5.3,5.9,0.897,0.4,2.9,3.3,8.1,3.6,1.0,0.3,19.5,-2.5,109.5,113.9,-4.4,0.447,0.013,0.096,0.053,0.441,0.521,0.305,106.6,0.128,2025-26,2026,-2.0,-3.6999999999999993,-0.7999999999999998,0.7999999999999998,-0.8,-0.19999999999999996,0.09999999999999998,-0.007000000000000006,-0.041999999999999926,,False,,,,,,
1629631,De'Andre Hunter,SAC,28.0,45,26.1,4.6,11.1,0.415,1.7,5.5,0.305,2.8,3.2,0.867,0.7,3.4,4.1,2.0,1.7,0.7,0.1,13.7,-0.5,114.1,115.0,-0.9,0.11,0.023,0.127,0.074,0.49,0.545,0.218,103.39,0.077,2025-26,2026,-1.0999999999999979,-3.3000000000000007,0.09999999999999964,0.6000000000000001,-0.8,-0.10000000000000009,-0.1,-0.0030000000000000027,-0.07799999999999996,,False,,,,,,
1629632,Coby White,CHA,26.0,50,25.0,5.6,12.5,0.446,2.3,6.4,0.362,3.9,4.8,0.817,0.3,3.1,3.4,4.0,2.6,0.5,0.1,17.4,1.9,117.2,114.0,3.2,0.242,0.013,0.113,0.064,0.539,0.595,0.283,101.68,0.112,2025-26,2026,-8.100000000000001,-3.0,-0.30000000000000027,-0.5,-0.6000000000000001,-0.4,-0.1,0.045999999999999985,-0.006000000000000005,,False,,,,,,
1629634,Brandon Clarke,MEM,29.0,2,10.2,1.5,4.5,0.333,0.0,0.0,0.0,1.0,2.0,0.5,2.0,1.0,3.0,0.5,0.0,1.0,0.0,4.0,-6.0,87.8,110.0,-22.2,0.071,0.154,0.077,0.115,0.333,0.372,0.193,116.25,0.023,2025-26,2026,-8.7,-4.300000000000001,-2.0999999999999996,-0.5,0.0,0.19999999999999996,-0.6,0.04300000000000001,-0.266,,False,,,,,,
1629636,Darius Garland,LAC,26.0,45,29.9,6.9,14.9,0.46,2.7,6.8,0.396,2.3,2.7,0.861,0.4,2.0,2.4,6.7,2.9,1.0,0.2,18.8,1.9,117.9,115.2,2.6,0.322,0.013,0.063,0.039,0.551,0.582,0.266,101.84,0.112,2025-26,2026,-0.8000000000000007,-1.8000000000000007,-0.5,0.0,-0.09999999999999964,-0.19999999999999996,0.1,0.0010000000000000009,-0.018000000000000016,,False,,,,,,
1629637,Jaxson Hayes,LAL,26.0,66,18.3,3.0,4.0,0.756,0.0,0.0,1.0,1.5,2.3,0.653,1.5,2.6,4.1,0.9,0.5,0.4,0.8,7.5,1.1,115.5,113.1,2.4,0.071,0.083,0.139,0.111,0.761,0.758,0.124,100.49,0.109,2025-26,2026,-1.1999999999999993,0.7000000000000002,-0.7000000000000002,-0.09999999999999998,0.0,-0.19999999999999996,-0.09999999999999998,0.0040000000000000036,0.038000000000000034,,False,,,,,,
1629638,Nickeil Alexander-Walker,ATL,27.0,78,33.4,7.0,15.3,0.459,3.2,8.1,0.399,3.6,3.9,0.902,0.7,2.8,3.4,3.7,2.1,1.3,0.5,20.8,3.1,116.1,112.0,4.0,0.155,0.019,0.079,0.049,0.564,0.61,0.23,104.38,0.105,2025-26,2026,8.099999999999998,11.4,0.19999999999999973,1.0,1.5000000000000002,0.7000000000000001,0.09999999999999998,0.07500000000000001,0.031000000000000028,,False,,,,,,
1629639,Tyler Herro,MIA,26.0,33,31.3,7.5,15.6,0.48,2.5,6.7,0.378,3.0,3.3,0.917,0.4,4.4,4.8,4.1,1.9,0.7,0.4,20.5,-1.2,114.4,116.4,-2.0,0.199,0.013,0.129,0.071,0.561,0.602,0.248,103.33,0.122,2025-26,2026,-4.099999999999998,-3.3999999999999986,-0.40000000000000036,-1.4000000000000004,-0.7999999999999998,-0.20000000000000007,0.2,-0.02300000000000002,-0.0030000000000000027,,False,,,,,,
1629640,Keldon Johnson,SAS,26.0,82,23.3,5.0,9.7,0.519,1.2,3.3,0.363,1.9,2.4,0.794,1.7,3.7,5.4,1.4,0.9,0.6,0.1,13.2,3.9,116.0,108.2,7.8,0.085,0.067,0.143,0.106,0.582,0.613,0.201,102.22,0.118,2025-26,2026,-0.5999999999999979,0.5,0.6000000000000005,-0.20000000000000018,0.09999999999999987,0.0,-0.19999999999999998,-0.005999999999999978,0.041000000000000036,,False,,,,,,
1629645,Kevin Porter Jr.,MIL,26.0,38,33.2,6.3,13.5,0.465,1.2,3.8,0.322,3.6,4.1,0.878,0.9,4.3,5.2,7.4,2.9,2.2,0.5,17.4,-2.8,111.4,116.1,-4.7,0.336,0.027,0.123,0.077,0.51,0.567,0.236,99.18,0.132,2025-26,2026,13.400000000000002,7.099999999999998,1.5,4.0,0.5,1.1,0.3,-0.01200000000000001,0.03599999999999992,,False,,,,,,
1629646,Charles Bassey,GSW,25.0,13,11.7,2.4,3.6,0.66,0.0,0.0,0.0,1.1,1.5,0.7,1.8,2.6,4.4,0.5,0.5,0.3,0.8,5.8,-3.4,107.2,120.1,-13.0,0.078,0.139,0.236,0.184,0.66,0.681,0.161,101.22,0.136,2025-26,2026,1.299999999999999,1.3999999999999995,0.20000000000000018,0.0,0.0,-0.10000000000000003,0.0,-0.0030000000000000027,0.08400000000000007,,False,,,,,,
1629651,Nic Claxton,BKN,27.0,69,27.8,4.8,8.4,0.571,0.0,0.3,0.158,2.0,3.3,0.616,2.4,4.5,6.9,3.7,1.4,0.7,1.1,11.7,-7.5,107.4,120.3,-12.9,0.216,0.084,0.167,0.124,0.574,0.592,0.175,98.37,0.117,2025-26,2026,0.9000000000000021,1.3999999999999986,-0.5,1.5,-0.1,-0.20000000000000007,-0.2999999999999998,0.00899999999999998,0.02300000000000002,,False,,,,,,
1629652,Luguentz Dort,OKC,27.0,69,26.8,2.9,7.6,0.385,1.9,5.4,0.344,0.6,0.8,0.759,0.8,2.7,3.6,1.2,0.8,0.9,0.4,8.3,4.3,116.2,108.2,8.0,0.059,0.03,0.094,0.063,0.508,0.524,0.139,100.54,0.049,2025-26,2026,-2.3999999999999986,-1.799999999999999,-0.49999999999999956,-0.40000000000000013,-0.5,-0.20000000000000007,-0.09999999999999998,0.006000000000000005,-0.061999999999999944,,False,,,,,,
1629655,Daniel Gafford,DAL,27.0,55,21.7,3.8,5.7,0.655,0.0,0.0,0.0,2.0,2.9,0.683,2.5,4.4,6.9,1.1,1.1,0.8,1.3,9.5,-3.4,105.9,113.0,-7.1,0.071,0.108,0.181,0.145,0.655,0.677,0.151,104.6,0.114,2025-26,2026,0.1999999999999993,-2.8000000000000007,0.10000000000000053,-0.2999999999999998,0.0,0.4,-0.5,-0.035,-0.038999999999999924,,False,,,,,,
1629656,Quentin Grimes,PHI,26.0,75,29.4,4.5,10.1,0.45,1.7,5.1,0.334,2.7,3.2,0.84,0.6,3.0,3.6,3.3,1.8,0.9,0.4,13.4,0.1,112.4,112.4,-0.1,0.159,0.02,0.096,0.058,0.534,0.585,0.183,101.43,0.092,2025-26,2026,2.599999999999998,-1.1999999999999993,-0.6999999999999997,0.2999999999999998,-0.5000000000000002,-0.09999999999999998,0.10000000000000003,-0.035,-0.010000000000000009,,False,,,,,,
1629660,Ty Jerome,MEM,28.0,15,22.6,6.8,14.3,0.474,2.8,6.7,0.42,3.3,3.7,0.875,0.7,2.1,2.8,5.7,1.8,1.1,0.3,19.7,-3.0,122.2,127.2,-5.0,0.409,0.035,0.093,0.065,0.572,0.616,0.332,99.63,0.162,2025-26,2026,2.700000000000003,7.199999999999999,0.2999999999999998,2.3000000000000003,1.1999999999999997,0.0,0.3,0.10300000000000001,-0.027000000000000024,,False,,,,,,
1629661,Cameron Johnson,DEN,30.0,54,30.5,4.2,8.8,0.48,2.0,4.7,0.43,1.7,2.1,0.839,0.8,3.0,3.8,2.4,0.9,0.7,0.4,12.2,6.4,124.2,114.7,9.5,0.098,0.027,0.095,0.063,0.596,0.629,0.144,101.38,0.075,2025-26,2026,-1.1000000000000014,-6.600000000000001,-0.5,-1.0,-0.7999999999999998,-0.20000000000000007,0.0,-0.08000000000000002,-0.0030000000000000027,,False,,,,,,
1629673,Jordan Poole,NOP,27.0,39,23.9,4.2,11.4,0.372,2.5,7.4,0.333,2.5,2.9,0.86,0.2,1.7,2.0,3.1,1.8,0.6,0.4,13.4,-3.7,109.4,117.3,-7.9,0.185,0.009,0.067,0.037,0.48,0.53,0.235,104.18,0.073,2025-26,2026,-5.5,-7.1,-1.0,-1.4,-1.0,-0.7000000000000001,0.0,-0.04600000000000004,-0.06099999999999994,,False,,,,,,
1629674,Neemias Queta,BOS,26.0,76,25.3,4.3,6.6,0.653,0.0,0.1,0.125,1.6,2.3,0.703,3.0,5.3,8.4,1.7,1.0,0.8,1.3,10.2,6.3,118.8,105.6,13.2,0.091,0.118,0.194,0.157,0.654,0.674,0.145,96.15,0.13,2025-26,2026,11.4,5.199999999999999,4.6000000000000005,1.0,0.0,0.5,0.6000000000000001,0.00899999999999998,0.0,,False,,,,,,
1629675,Naz Reid,MIN,26.0,77,26.1,5.2,11.3,0.456,2.1,5.8,0.362,1.2,1.6,0.732,1.2,5.0,6.2,2.2,1.6,1.0,1.0,13.6,2.2,113.0,109.9,3.2,0.124,0.042,0.187,0.113,0.549,0.565,0.212,102.77,0.112,2025-26,2026,-1.3999999999999986,-0.5999999999999996,0.20000000000000018,-0.09999999999999964,-0.10000000000000009,0.30000000000000004,0.09999999999999998,0.0020000000000000018,-0.01200000000000001,,False,,,,,,
1629680,Matisse Thybulle,POR,29.0,30,16.0,1.9,4.5,0.433,1.2,3.1,0.398,0.7,0.8,0.84,0.6,1.4,2.0,0.9,0.9,2.0,0.5,5.8,2.9,108.8,99.8,9.0,0.079,0.033,0.087,0.059,0.571,0.6,0.144,103.73,0.093,2025-26,2026,-4.800000000000001,-1.7000000000000002,-1.5,-0.9999999999999999,-0.19999999999999996,-0.20000000000000018,-0.09999999999999998,0.00899999999999998,0.008000000000000007,,False,,,,,,
1629684,Grant Williams,CHA,27.0,36,19.8,2.2,5.1,0.426,1.4,3.7,0.388,1.2,1.5,0.815,1.3,2.7,3.9,1.6,0.9,0.5,0.5,7.0,5.6,119.2,106.3,12.9,0.106,0.06,0.127,0.094,0.568,0.609,0.132,99.41,0.089,2025-26,2026,-10.099999999999998,-3.4000000000000004,-1.1999999999999997,-0.6999999999999997,-0.30000000000000004,-0.6000000000000001,-0.30000000000000004,-0.013999999999999985,0.013000000000000012,,False,,,,,,
1629723,John Konchar,UTA,30.0,56,19.9,1.7,3.6,0.472,0.5,1.8,0.283,0.6,0.8,0.727,1.3,3.0,4.3,2.1,0.6,1.5,0.7,4.4,-2.6,106.1,112.0,-5.9,0.136,0.059,0.14,0.098,0.543,0.568,0.09,105.42,0.09,2025-26,2026,7.799999999999999,2.0000000000000004,1.0,1.2000000000000002,0.0,0.8,0.39999999999999997,0.012999999999999998,-0.02400000000000002,,False,,,,,,
1629726,Garrison Mathews,IND,29.0,15,13.1,1.4,3.5,0.404,1.1,3.1,0.37,1.3,1.5,0.826,0.1,1.0,1.1,0.7,0.2,0.4,0.2,5.2,-0.1,107.3,108.0,-0.7,0.069,0.01,0.076,0.042,0.567,0.628,0.134,103.91,0.072,2025-26,2026,-4.500000000000002,-2.3,-0.7999999999999998,-0.6000000000000001,-0.7,-0.19999999999999996,-0.09999999999999998,-0.01899999999999999,0.02200000000000002,,False,,,,,,
1629731,Dean Wade,CLE,29.0,59,22.3,2.1,4.7,0.439,1.2,3.3,0.362,0.5,0.6,0.711,0.9,3.3,4.2,1.5,0.3,0.7,0.4,5.8,2.6,117.2,110.9,6.2,0.082,0.039,0.139,0.09,0.567,0.58,0.097,101.78,0.074,2025-26,2026,1.1000000000000014,0.39999999999999947,0.0,0.19999999999999996,-0.19999999999999996,0.0,0.10000000000000003,-0.0040000000000000036,0.017000000000000015,,False,,,,,,
1629750,Javonte Green,DET,32.0,82,17.6,2.3,5.0,0.447,1.1,3.0,0.381,1.3,1.5,0.84,0.8,2.0,2.8,0.7,0.5,1.2,0.3,6.9,2.6,113.0,105.4,7.6,0.052,0.042,0.112,0.077,0.56,0.607,0.143,102.74,0.095,2025-26,2026,-0.8999999999999986,1.8000000000000007,-0.40000000000000036,-0.10000000000000009,0.40000000000000013,0.19999999999999996,-0.2,0.029999999999999985,0.06599999999999995,,False,,,,,,
1630162,Anthony Edwards,MIN,24.0,61,35.0,9.9,20.2,0.489,3.4,8.4,0.399,5.7,7.2,0.796,0.6,4.4,5.0,3.7,2.9,1.4,0.8,28.8,2.7,117.8,114.3,3.5,0.174,0.017,0.12,0.069,0.572,0.617,0.309,101.5,0.145,2025-26,2026,-1.2999999999999972,1.1999999999999993,-0.7000000000000002,-0.7999999999999998,-0.6999999999999997,0.19999999999999996,0.20000000000000007,0.0020000000000000018,0.02200000000000002,,False,,,,,,
1630163,LaMelo Ball,CHA,24.0,72,28.0,7.0,17.3,0.407,3.8,10.3,0.368,2.2,2.5,0.899,0.9,3.9,4.8,7.1,2.8,1.2,0.3,20.1,5.8,123.2,114.1,9.1,0.384,0.03,0.14,0.084,0.516,0.546,0.306,99.43,0.134,2025-26,2026,-4.0,-5.099999999999998,-0.10000000000000053,-0.3000000000000007,0.0,0.09999999999999987,0.0,-0.03600000000000003,0.010000000000000009,,False,,,,,,
1630164,James Wiseman,IND,25.0,4,14.6,1.5,2.5,0.6,0.0,0.0,0.0,0.3,0.5,0.5,1.3,0.8,2.0,0.8,1.3,0.0,0.3,3.3,-2.3,92.9,102.4,-9.5,0.075,0.074,0.049,0.062,0.6,0.597,0.114,103.04,0.01,2025-26,2026,10.0,-2.7,1.0,0.8,0.0,0.0,0.3,-0.341,-0.018000000000000016,,False,,,,,,
1630165,Killian Hayes,SAC,24.0,23,17.6,1.8,6.0,0.304,0.7,2.7,0.27,1.1,1.2,0.929,0.2,2.2,2.3,3.5,1.2,0.9,0.2,5.5,-0.8,107.8,110.6,-2.8,0.265,0.009,0.117,0.061,0.366,0.422,0.179,100.91,0.071,2025-26,2026,-9.5,-3.5,-0.7000000000000002,-1.7000000000000002,-0.6000000000000001,0.20000000000000007,-0.49999999999999994,0.034,-0.13700000000000007,,False,,,,,,
1630166,Deni Avdija,POR,25.0,66,33.3,7.5,16.1,0.462,1.9,6.0,0.318,7.4,9.2,0.802,1.1,5.8,6.9,6.7,3.8,0.8,0.6,24.2,0.2,115.7,115.4,0.3,0.316,0.031,0.167,0.098,0.521,0.6,0.285,102.78,0.149,2025-26,2026,3.299999999999997,7.300000000000001,-0.39999999999999947,2.8000000000000003,0.19999999999999996,-0.19999999999999996,0.09999999999999998,0.05699999999999997,-0.0050000000000000044,,False,,,,,,
1630167,Obi Toppin,IND,28.0,24,17.7,4.2,8.3,0.503,1.5,4.4,0.352,1.8,1.9,0.913,0.5,3.9,4.4,2.3,1.2,0.5,0.0,11.6,-1.4,113.9,117.5,-3.6,0.193,0.03,0.206,0.12,0.595,0.636,0.241,104.11,0.143,2025-26,2026,-1.9000000000000021,1.0999999999999996,0.40000000000000036,0.6999999999999997,0.10000000000000009,-0.09999999999999998,-0.4,0.04999999999999999,-0.006000000000000005,,False,,,,,,
1630168,Onyeka Okongwu,ATL,25.0,74,31.0,5.6,11.6,0.48,1.9,5.2,0.376,2.1,2.7,0.757,1.9,5.7,7.6,3.1,1.7,1.1,1.1,15.2,1.5,113.4,111.3,2.1,0.14,0.058,0.178,0.117,0.564,0.592,0.189,104.39,0.104,2025-26,2026,3.1000000000000014,1.799999999999999,-1.3000000000000007,0.8000000000000003,1.2999999999999998,0.20000000000000007,0.20000000000000007,0.01999999999999999,-0.04200000000000004,,False,,,,,,
1630170,Devin Vassell,SAS,25.0,67,30.5,4.9,11.3,0.437,2.5,6.4,0.384,1.6,1.9,0.815,0.6,3.4,4.0,2.5,0.9,0.9,0.4,13.9,7.3,121.3,109.9,11.4,0.107,0.019,0.102,0.063,0.547,0.574,0.176,101.48,0.087,2025-26,2026,-0.5,-2.4000000000000004,0.0,-0.3999999999999999,0.0,-0.4,-0.09999999999999998,-0.04100000000000001,0.020999999999999908,,False,,,,,,
1630171,Isaac Okoro,CHI,25.0,63,26.9,3.3,7.3,0.46,1.2,3.5,0.33,1.4,1.8,0.795,1.1,1.7,2.7,1.6,0.7,0.7,0.5,9.3,-5.3,112.1,120.6,-8.5,0.079,0.04,0.058,0.049,0.539,0.574,0.137,103.21,0.05,2025-26,2026,7.799999999999997,3.200000000000001,0.30000000000000027,0.40000000000000013,0.19999999999999996,0.09999999999999998,0.2,0.013000000000000012,-0.013000000000000012,,False,,,,,,
1630172,Patrick Williams,CHI,24.0,72,20.5,2.5,6.6,0.372,1.3,3.8,0.347,0.8,1.0,0.72,0.7,2.3,3.0,1.5,1.0,0.7,0.4,7.0,-4.8,103.8,114.8,-11.0,0.101,0.03,0.106,0.067,0.472,0.494,0.159,105.67,0.057,2025-26,2026,-4.5,-2.0,-0.7999999999999998,-0.5,-0.19999999999999996,-0.10000000000000009,-0.09999999999999998,-0.006000000000000005,-0.018000000000000016,,False,,,,,,
1630173,Precious Achiuwa,SAC,26.0,73,23.9,4.3,8.2,0.528,0.4,1.3,0.278,1.1,1.9,0.554,2.4,4.3,6.7,1.4,0.9,0.9,0.7,10.1,-3.7,110.9,118.1,-7.2,0.082,0.098,0.18,0.139,0.551,0.558,0.172,100.39,0.102,2025-26,2026,3.3999999999999986,3.5,1.1000000000000005,0.3999999999999999,0.2,0.09999999999999998,0.0,0.028999999999999998,0.028000000000000025,,False,,,,,,
1630174,Aaron Nesmith,IND,26.0,45,29.7,4.7,11.4,0.414,2.3,6.2,0.379,2.0,2.5,0.829,1.1,3.1,4.2,1.9,1.4,0.6,0.5,13.8,-4.5,111.1,118.4,-7.3,0.091,0.034,0.102,0.067,0.517,0.554,0.19,103.09,0.067,2025-26,2026,4.800000000000001,1.8000000000000007,0.20000000000000018,0.7,0.3999999999999999,-0.20000000000000007,0.09999999999999998,0.01899999999999999,-0.09899999999999998,,False,,,,,,
1630175,Cole Anthony,MIL,26.0,35,15.0,2.8,6.6,0.424,0.6,2.1,0.306,0.5,0.7,0.615,0.5,2.0,2.5,3.5,1.9,0.6,0.3,6.7,-3.2,103.4,113.1,-9.7,0.354,0.029,0.126,0.078,0.472,0.483,0.244,101.99,0.082,2025-26,2026,-3.3999999999999986,-2.7,-0.5,0.6000000000000001,-0.5000000000000001,-0.09999999999999998,-0.2,0.006000000000000005,-0.04800000000000004,,False,,,,,,
1630178,Tyrese Maxey,PHI,25.0,70,38.0,9.9,21.4,0.462,3.1,8.6,0.367,5.3,6.0,0.892,0.3,3.8,4.1,6.6,2.4,1.9,0.8,28.3,1.6,115.0,113.4,1.5,0.288,0.008,0.096,0.052,0.536,0.588,0.286,100.25,0.15,2025-26,2026,0.29999999999999716,2.0,0.7999999999999998,0.5,0.0,0.09999999999999987,0.4,-0.007000000000000006,0.025999999999999912,,False,,,,,,
1630180,Saddiq Bey,NOP,27.0,72,31.2,6.1,13.4,0.451,2.1,5.7,0.367,3.4,4.1,0.841,1.7,3.9,5.6,2.5,0.9,0.9,0.1,17.7,-2.6,113.3,116.8,-3.6,0.12,0.051,0.12,0.085,0.529,0.579,0.213,102.05,0.112,2025-26,2026,0.0,0.0,0.0,0.0,0.0,0.0,0.0,0.0,0.0,,False,,,,,,
1630182,Josh Green,CHA,25.0,58,15.7,1.4,3.1,0.459,1.0,2.4,0.42,0.4,0.5,0.893,0.8,1.0,1.8,0.8,0.6,0.6,0.1,4.3,3.6,118.5,106.0,12.5,0.069,0.048,0.06,0.054,0.619,0.644,0.104,98.23,0.059,2025-26,2026,-12.100000000000001,-3.1000000000000005,-0.7,-0.8,-0.3999999999999999,-0.5000000000000001,-0.1,-0.01100000000000001,0.08499999999999996,,False,,,,,,
1630183,Jaden McDaniels,MIN,25.0,73,31.7,5.7,11.1,0.515,1.4,3.4,0.412,2.0,2.4,0.835,1.0,3.2,4.2,2.7,1.8,1.1,1.0,14.8,1.6,115.5,112.4,3.1,0.121,0.033,0.094,0.065,0.579,0.611,0.182,102.0,0.088,2025-26,2026,-0.1999999999999993,2.6000000000000014,-1.5,0.7000000000000002,0.19999999999999996,-0.19999999999999996,0.09999999999999998,0.021999999999999992,0.04899999999999993,,False,,,,,,
1630188,Jalen Smith,CHI,26.0,53,20.7,3.7,7.6,0.483,1.5,4.2,0.373,1.3,1.8,0.742,1.8,4.8,6.7,1.2,1.0,0.5,0.8,10.2,1.6,116.4,113.0,3.4,0.081,0.085,0.218,0.152,0.584,0.608,0.183,103.79,0.109,2025-26,2026,5.699999999999999,2.0,1.1000000000000005,0.19999999999999996,0.3999999999999999,0.2,0.10000000000000009,-0.018000000000000016,0.02200000000000002,,False,,,,,,
1630191,Isaiah Stewart,DET,25.0,58,22.7,3.8,6.9,0.55,0.7,2.1,0.333,1.7,2.3,0.756,1.7,3.3,5.0,1.1,1.2,0.3,1.6,10.0,0.7,112.8,111.0,1.8,0.073,0.07,0.135,0.103,0.6,0.632,0.164,101.0,0.095,2025-26,2026,2.8000000000000007,4.0,-0.5,-0.5999999999999999,0.49999999999999994,-0.10000000000000003,0.20000000000000018,0.04300000000000001,0.016000000000000014,,False,,,,,,
1630192,Zeke Nnaji,DEN,25.0,52,12.0,1.4,2.9,0.47,0.3,1.0,0.259,0.7,0.8,0.773,0.6,2.0,2.6,0.6,0.5,0.3,0.5,3.7,-2.1,107.1,113.7,-6.6,0.069,0.053,0.147,0.103,0.517,0.558,0.136,99.34,0.07,2025-26,2026,1.3000000000000007,0.5,1.0,0.19999999999999996,0.0,-0.10000000000000003,-0.19999999999999996,0.017000000000000015,-0.015999999999999903,,False,,,,,,
1630193,Immanuel Quickley,TOR,27.0,70,31.9,5.7,12.9,0.443,2.5,6.8,0.374,2.4,3.0,0.821,0.5,3.5,4.0,5.9,1.5,1.3,0.1,16.4,1.7,115.0,112.1,2.9,0.261,0.017,0.108,0.062,0.541,0.577,0.206,100.06,0.118,2025-26,2026,4.099999999999998,-0.7000000000000028,0.5,0.10000000000000053,-0.10000000000000009,0.6000000000000001,0.0,-0.04000000000000001,0.007000000000000006,,False,,,,,,
1630194,Paul Reed,DET,27.0,65,13.9,3.2,5.2,0.617,0.2,0.6,0.325,1.1,1.7,0.664,2.0,2.5,4.5,1.2,0.9,0.9,0.9,7.8,2.1,112.5,104.4,8.1,0.134,0.142,0.176,0.159,0.636,0.65,0.2,101.72,0.153,2025-26,2026,4.200000000000001,3.7,1.7999999999999998,0.19999999999999996,0.0,0.0,0.30000000000000004,0.02100000000000002,0.07700000000000007,,False,,,,,,
1630198,Isaiah Joe,OKC,26.0,71,21.2,3.5,7.6,0.455,2.5,6.0,0.423,1.5,1.7,0.894,0.5,2.1,2.5,1.3,0.6,0.7,0.2,11.1,5.0,116.9,105.2,11.7,0.089,0.022,0.09,0.057,0.622,0.657,0.178,101.43,0.099,2025-26,2026,-0.5,0.9000000000000004,-0.10000000000000009,-0.30000000000000004,-0.10000000000000009,0.09999999999999998,0.1,0.011999999999999983,0.040000000000000036,,False,,,,,,
1630200,Tre Jones,CHI,26.0,65,27.0,5.2,9.5,0.553,0.6,2.0,0.315,2.9,3.5,0.841,0.6,2.6,3.1,5.4,1.4,1.2,0.2,14.1,-2.1,111.0,114.8,-3.8,0.284,0.02,0.088,0.054,0.586,0.637,0.186,106.25,0.126,2025-26,2026,7.300000000000001,6.8999999999999995,0.6000000000000001,1.2000000000000002,0.19999999999999996,0.3999999999999999,0.0,0.04999999999999999,0.020000000000000018,,False,,,,,,
1630202,Payton Pritchard,BOS,28.0,79,32.3,6.4,13.8,0.464,2.7,7.1,0.377,1.5,1.7,0.89,0.9,3.1,3.9,5.2,1.4,0.7,0.1,17.0,5.4,120.1,112.1,8.0,0.234,0.026,0.09,0.059,0.561,0.584,0.21,95.81,0.12,2025-26,2026,3.8999999999999986,2.6999999999999993,0.10000000000000009,1.7000000000000002,-0.5,-0.20000000000000007,-0.1,0.023999999999999994,-0.049000000000000044,,False,,,,,,
1630208,Nick Richards,CHI,28.0,48,14.6,2.1,4.2,0.512,0.1,0.4,0.278,1.4,2.1,0.644,1.6,3.5,5.1,0.3,1.2,0.2,0.7,5.8,-2.8,108.9,117.2,-8.4,0.033,0.103,0.221,0.163,0.525,0.562,0.176,102.27,0.079,2025-26,2026,-7.4,-3.500000000000001,-3.0999999999999996,-0.6000000000000001,0.1,0.0,-0.30000000000000004,0.0069999999999999785,-0.07199999999999995,,False,,,,,,
1630209,Omer Yurtseven,GSW,28.0,9,11.6,1.2,2.9,0.423,0.0,0.4,0.0,1.3,2.0,0.667,1.4,1.9,3.3,0.9,1.0,0.2,0.1,3.8,-1.6,108.4,114.1,-5.7,0.103,0.133,0.167,0.15,0.423,0.501,0.167,104.58,0.054,2025-26,2026,0.0,0.0,0.0,0.0,0.0,0.0,0.0,0.0,0.0,,False,,,,,,
1630214,Xavier Tillman,CHA,27.0,30,6.1,0.7,1.5,0.435,0.1,0.6,0.167,0.0,0.1,0.25,0.6,0.8,1.4,0.4,0.3,0.3,0.2,1.5,-0.8,104.8,109.7,-4.9,0.113,0.098,0.136,0.116,0.467,0.461,0.127,98.67,0.069,2025-26,2026,-0.9000000000000004,0.5,0.09999999999999987,0.2,-0.1,0.0,0.0,0.0020000000000000018,0.15100000000000002,,False,,,,,,
1630217,Desmond Bane,ORL,28.0,82,33.6,7.1,14.7,0.484,2.0,5.2,0.391,3.8,4.2,0.908,1.2,2.9,4.1,4.1,2.0,1.0,0.5,20.1,1.6,113.6,111.5,2.2,0.19,0.034,0.084,0.059,0.553,0.607,0.224,102.2,0.111,2025-26,2026,1.6000000000000014,0.9000000000000021,-2.0,-1.2000000000000002,-0.3999999999999999,-0.19999999999999996,0.09999999999999998,-0.0030000000000000027,0.007000000000000006,,False,,,,,,
1630224,Jalen Green,PHX,24.0,32,25.9,6.8,16.0,0.422,2.2,7.1,0.313,2.0,2.7,0.747,0.5,3.1,3.6,2.8,2.3,1.1,0.3,17.8,1.0,114.2,113.5,0.7,0.181,0.017,0.122,0.067,0.491,0.516,0.309,99.56,0.106,2025-26,2026,-7.0,-3.1999999999999993,-0.9999999999999996,-0.6000000000000001,-0.6999999999999997,0.20000000000000007,0.0,0.04199999999999998,-0.028000000000000025,,False,,,,,,
1630228,Jonathan Kuminga,ATL,23.0,36,23.1,4.4,9.4,0.463,1.0,2.9,0.333,2.5,3.4,0.724,1.4,4.3,5.6,2.3,1.9,0.6,0.3,12.2,2.0,112.0,108.0,4.1,0.148,0.056,0.182,0.118,0.515,0.557,0.226,102.73,0.111,2025-26,2026,-1.1999999999999993,-3.1000000000000014,1.0,0.09999999999999964,0.0,-0.20000000000000007,-0.10000000000000003,-0.04500000000000001,0.02200000000000002,,False,,,,,,
1630230,Naji Marshall,DAL,28.0,74,29.5,5.7,11.1,0.51,0.8,2.9,0.291,3.1,4.1,0.76,0.9,3.8,4.7,3.3,1.6,1.1,0.1,15.2,-2.9,109.7,114.3,-4.6,0.162,0.028,0.12,0.075,0.548,0.592,0.2,104.35,0.106,2025-26,2026,1.6999999999999993,2.0,-0.09999999999999964,0.2999999999999998,-0.09999999999999998,0.10000000000000009,-0.1,0.0030000000000000027,0.008000000000000007,,False,,,,,,
1630241,Sam Merrill,CLE,30.0,52,26.5,4.3,9.3,0.461,3.0,7.2,0.421,1.1,1.3,0.855,0.5,2.0,2.6,2.4,0.8,0.6,0.1,12.8,4.7,120.3,112.6,7.7,0.119,0.02,0.072,0.047,0.624,0.644,0.167,101.54,0.081,2025-26,2026,6.800000000000001,5.6000000000000005,0.3999999999999999,0.8999999999999999,1.1,-0.09999999999999998,-0.1,0.026999999999999996,0.061000000000000054,,False,,,,,,
1630245,Ayo Dosunmu,MIN,26.0,69,27.3,5.6,10.8,0.517,1.8,4.1,0.439,1.8,2.1,0.876,0.7,2.8,3.4,3.6,1.4,0.8,0.3,14.8,-1.0,111.7,113.2,-1.5,0.202,0.024,0.093,0.059,0.599,0.63,0.197,103.16,0.114,2025-26,2026,-3.0,2.5,-0.10000000000000009,-0.8999999999999999,0.5,-0.09999999999999998,-0.10000000000000003,0.034,0.04500000000000004,,False,,,,,,
1630249,Vít Krejčí,POR,26.0,65,21.4,3.0,6.6,0.448,2.0,5.0,0.39,0.6,0.8,0.745,0.5,1.8,2.3,1.5,0.6,0.7,0.3,8.5,-0.6,110.0,111.1,-1.1,0.099,0.02,0.081,0.05,0.597,0.609,0.142,103.2,0.068,2025-26,2026,1.1999999999999993,1.2999999999999998,-0.40000000000000036,-1.1,0.3999999999999999,0.09999999999999998,-0.2,0.010999999999999982,-0.052000000000000046,,False,,,,,,
1630256,Jae'Sean Tate,HOU,30.0,46,8.8,1.2,2.4,0.514,0.2,0.7,0.313,0.2,0.2,0.636,0.7,0.9,1.6,0.5,0.3,0.2,0.1,2.8,-0.8,107.8,111.1,-3.3,0.095,0.076,0.094,0.085,0.56,0.567,0.131,97.9,0.067,2025-26,2026,-2.5,-0.8000000000000003,-0.6999999999999997,-0.4,-0.09999999999999998,-0.3,0.0,0.0050000000000000044,0.009999999999999898,,False,,,,,,
1630264,Anthony Gill,WAS,33.0,55,17.3,2.5,3.9,0.628,0.3,0.9,0.354,0.6,0.8,0.739,1.1,1.8,2.9,1.3,0.7,0.6,0.4,5.8,-5.3,107.0,121.4,-14.4,0.101,0.059,0.112,0.084,0.667,0.682,0.116,104.11,0.08,2025-26,2026,9.5,3.3,1.5999999999999999,1.0,0.09999999999999998,0.39999999999999997,0.4,-0.007999999999999993,0.09600000000000009,,False,,,,,,
1630286,Trevon Scott,BKN,29.0,6,30.4,3.2,8.3,0.38,1.0,3.2,0.316,0.7,1.0,0.667,1.7,3.5,5.2,1.7,0.7,1.3,0.8,8.0,-10.8,105.8,122.8,-16.9,0.078,0.053,0.133,0.089,0.44,0.456,0.136,99.43,0.053,2025-26,2026,0.0,0.0,0.0,0.0,0.0,0.0,0.0,0.0,0.0,,False,,,,,,
1630311,Pat Spencer,GSW,29.0,66,18.6,2.8,6.6,0.427,0.9,2.5,0.357,0.7,0.9,0.772,0.8,1.6,2.4,3.5,1.3,0.7,0.1,7.2,-1.4,112.1,115.6,-3.4,0.27,0.041,0.091,0.065,0.495,0.516,0.185,99.81,0.087,2025-26,2026,12.200000000000001,4.7,1.2,2.3,0.8,0.29999999999999993,0.0,-0.01899999999999999,0.061,,False,,,,,,
1630314,Brandon Williams,DAL,26.0,66,22.2,4.4,9.3,0.472,0.5,2.3,0.232,3.7,4.6,0.793,0.5,2.4,2.9,3.9,1.9,0.9,0.3,13.0,-2.2,111.2,115.6,-4.4,0.256,0.019,0.105,0.062,0.501,0.572,0.242,105.52,0.115,2025-26,2026,7.399999999999999,4.699999999999999,1.0999999999999999,1.6,-0.19999999999999996,0.20000000000000007,0.09999999999999998,0.023999999999999994,-0.062000000000000055,,False,,,,,,
1630322,Lindy Waters III,SAS,28.0,40,7.1,0.8,2.2,0.375,0.7,2.0,0.342,0.1,0.1,0.667,0.1,0.7,0.7,0.5,0.2,0.2,0.0,2.4,-0.1,107.1,108.7,-1.6,0.09,0.01,0.087,0.05,0.528,0.532,0.141,101.17,0.052,2025-26,2026,-7.9,-2.5000000000000004,-1.4000000000000001,-0.5,-0.5,-0.3,-0.2,-0.0040000000000000036,0.028000000000000025,,False,,,,,,
1630526,Jeremiah Robinson-Earl,DAL,25.0,22,16.4,1.7,4.5,0.37,0.5,1.9,0.244,0.8,0.8,0.944,1.6,3.0,4.7,0.7,0.5,0.4,0.0,4.6,-3.9,109.3,119.5,-10.2,0.057,0.088,0.183,0.133,0.42,0.468,0.129,104.82,0.069,2025-26,2026,-2.400000000000002,-1.7000000000000002,-0.09999999999999964,-0.6000000000000001,-0.30000000000000004,-0.19999999999999996,-0.1,-0.01100000000000001,-0.09499999999999992,,False,,,,,,
1630529,Herbert Jones,NOP,27.0,56,28.4,3.3,8.5,0.383,1.4,4.6,0.309,0.9,1.1,0.806,0.8,2.6,3.4,2.8,1.3,1.6,0.5,8.9,-0.9,113.5,114.4,-0.9,0.13,0.029,0.09,0.059,0.467,0.491,0.153,101.08,0.053,2025-26,2026,-4.0,-1.4000000000000004,-0.5,-0.5,0.2999999999999998,-0.2999999999999998,0.0,0.007000000000000006,-0.050000000000000044,,False,,,,,,
1630530,Trey Murphy III,NOP,26.0,66,35.5,7.5,15.9,0.47,3.2,8.6,0.379,3.3,3.7,0.886,1.0,4.8,5.7,3.8,1.8,1.5,0.4,21.5,-2.6,113.6,117.2,-3.6,0.16,0.026,0.131,0.078,0.572,0.613,0.223,101.71,0.122,2025-26,2026,0.5,0.3000000000000007,0.6000000000000005,0.2999999999999998,0.20000000000000018,0.3999999999999999,-0.29999999999999993,-0.006000000000000005,0.015000000000000013,,False,,,,,,
1630532,Franz Wagner,ORL,24.0,34,30.0,7.2,14.9,0.481,1.4,4.1,0.345,4.8,5.8,0.823,1.3,3.9,5.2,3.3,1.7,0.9,0.3,20.6,2.4,114.2,110.6,3.6,0.175,0.041,0.128,0.084,0.529,0.588,0.256,104.86,0.134,2025-26,2026,-3.700000000000003,-3.599999999999998,-0.5,-1.4000000000000004,-0.30000000000000004,-0.4,-0.10000000000000003,-0.04999999999999999,0.029999999999999916,,False,,,,,,
1630533,Ziaire Williams,BKN,24.0,56,22.9,3.3,7.7,0.425,1.5,4.5,0.343,2.1,2.5,0.85,0.5,1.9,2.4,1.1,1.1,1.4,0.4,10.2,-5.0,103.1,113.2,-10.1,0.076,0.022,0.084,0.052,0.524,0.579,0.179,100.4,0.079,2025-26,2026,-1.6000000000000014,0.1999999999999993,-2.1999999999999997,-0.19999999999999996,-0.10000000000000009,0.3999999999999999,0.0,0.0,0.028999999999999915,,False,,,,,,
1630534,Ochai Agbaji,BKN,26.0,62,15.7,2.0,4.5,0.436,0.5,2.1,0.266,0.6,0.7,0.837,0.7,1.5,2.3,0.8,0.5,0.4,0.3,5.1,-1.0,106.4,109.0,-2.7,0.07,0.046,0.096,0.071,0.496,0.525,0.142,100.34,0.057,2025-26,2026,-11.5,-5.300000000000001,-1.5,-0.7,-1.1,-0.5,-0.2,-0.0020000000000000018,-0.07599999999999996,,False,,,,,,
1630536,Sharife Cooper,WAS,25.0,41,17.1,3.1,6.0,0.514,0.7,1.9,0.382,1.2,1.5,0.833,0.4,1.7,2.1,3.0,1.5,0.4,0.1,8.1,-4.5,108.4,120.1,-11.7,0.256,0.025,0.098,0.061,0.573,0.609,0.197,103.68,0.094,2025-26,2026,0.0,0.0,0.0,0.0,0.0,0.0,0.0,0.0,0.0,,False,,,,,,
1630538,Bones Hyland,MIN,25.0,71,16.6,3.0,6.6,0.453,1.6,4.2,0.388,0.9,1.2,0.78,0.3,1.5,1.8,2.6,1.0,0.6,0.2,8.5,1.7,113.8,108.6,5.2,0.222,0.018,0.085,0.051,0.577,0.599,0.197,102.82,0.101,2025-26,2026,6.700000000000001,2.3,0.8,1.3,0.30000000000000004,-0.20000000000000007,0.0,-0.07700000000000001,0.02300000000000002,,False,,,,,,
1630540,Miles McBride,NYK,25.0,41,26.3,4.2,9.9,0.423,2.7,6.6,0.413,0.9,1.1,0.787,0.6,1.9,2.4,2.6,0.8,0.9,0.2,12.0,5.5,119.9,110.4,9.5,0.136,0.02,0.068,0.044,0.562,0.578,0.174,98.57,0.085,2025-26,2026,1.4000000000000021,2.5,-0.10000000000000009,-0.2999999999999998,0.9000000000000001,-0.09999999999999998,-0.09999999999999998,0.011999999999999983,0.04699999999999993,,False,,,,,,
1630541,Moses Moody,GSW,24.0,60,25.7,4.1,9.3,0.44,2.5,6.3,0.401,1.5,1.9,0.77,0.9,2.5,3.3,1.6,1.0,1.0,0.6,12.1,1.3,111.1,108.9,2.2,0.093,0.031,0.092,0.061,0.575,0.6,0.174,102.6,0.083,2025-26,2026,3.3999999999999986,2.299999999999999,0.6999999999999997,0.30000000000000004,0.8,0.19999999999999996,0.19999999999999996,0.003999999999999976,0.02200000000000002,,False,,,,,,
1630543,Isaiah Jackson,LAC,24.0,55,16.5,2.7,4.3,0.637,0.0,0.1,0.0,1.2,1.9,0.648,2.1,3.2,5.3,0.9,1.1,0.7,0.9,6.7,-0.9,111.8,114.7,-2.9,0.083,0.12,0.19,0.155,0.637,0.653,0.152,102.07,0.104,2025-26,2026,-0.3000000000000007,-0.2999999999999998,-0.2999999999999998,-0.09999999999999998,0.0,0.09999999999999998,-0.7000000000000001,-0.01200000000000001,0.05300000000000005,,False,,,,,,
1630544,Tre Mann,CHA,25.0,53,12.6,2.1,5.7,0.36,0.9,2.9,0.323,0.4,0.5,0.852,0.4,1.4,1.7,1.6,1.0,0.5,0.1,5.5,-2.9,105.8,115.9,-10.1,0.223,0.028,0.114,0.068,0.442,0.462,0.231,97.44,0.062,2025-26,2026,-11.9,-8.6,-1.2,-1.4,-0.9,0.0,-0.19999999999999998,-0.01899999999999999,-0.07500000000000001,,False,,,,,,
1630545,Terrence Shannon Jr,MIN,25.0,43,12.5,1.8,4.0,0.45,0.7,1.8,0.408,1.3,1.6,0.8,0.2,0.9,1.1,0.9,0.6,0.3,0.0,5.6,-1.9,112.0,120.5,-8.5,0.102,0.018,0.074,0.045,0.541,0.597,0.171,102.75,0.069,2025-26,2026,1.9000000000000004,1.2999999999999998,-0.3999999999999999,-0.09999999999999998,0.39999999999999997,0.09999999999999998,-0.2,0.0050000000000000044,0.03699999999999992,,False,,,,,,
1630548,Johnny Juzang,MIN,25.0,21,4.2,0.8,1.8,0.421,0.3,1.1,0.25,0.2,0.4,0.625,0.2,0.6,0.8,0.3,0.2,0.1,0.0,2.0,-0.2,105.3,109.9,-4.6,0.095,0.054,0.129,0.092,0.5,0.518,0.2,111.66,0.085,2025-26,2026,-15.600000000000001,-6.9,-2.0999999999999996,-0.8,-1.5,-0.5,-0.1,0.026000000000000023,-0.05499999999999994,,False,,,,,,
1630549,Day'Ron Sharpe,BKN,24.0,62,18.7,3.5,5.7,0.601,0.1,0.6,0.231,1.7,2.5,0.678,2.8,3.9,6.7,2.3,1.7,1.1,0.4,8.7,-1.8,107.3,111.7,-4.3,0.207,0.143,0.222,0.18,0.614,0.638,0.19,98.86,0.141,2025-26,2026,0.5999999999999979,0.7999999999999989,0.10000000000000053,0.4999999999999998,-0.1,0.30000000000000004,-0.4,0.0040000000000000036,0.07000000000000006,,False,,,,,,
1630551,Justin Champagnie,WAS,25.0,69,20.0,3.4,6.7,0.502,0.8,2.4,0.319,1.2,1.5,0.784,2.1,3.5,5.6,1.2,0.7,0.9,0.6,8.7,-4.3,110.0,119.4,-9.4,0.087,0.098,0.171,0.133,0.56,0.589,0.161,103.51,0.106,2025-26,2026,-1.6000000000000014,-0.10000000000000142,-0.10000000000000053,0.19999999999999996,-0.3999999999999999,-0.09999999999999998,0.0,0.01100000000000001,-0.025000000000000022,,False,,,,,,
1630552,Jalen Johnson,ATL,24.0,72,35.2,8.3,17.1,0.489,1.7,4.7,0.352,4.2,5.3,0.788,1.4,8.9,10.3,7.9,3.4,1.2,0.4,22.5,2.6,115.5,112.3,3.2,0.325,0.038,0.241,0.14,0.537,0.581,0.264,103.58,0.161,2025-26,2026,-0.5,3.6000000000000014,0.3000000000000007,2.9000000000000004,0.5,-0.40000000000000013,-0.6,0.05000000000000002,0.01200000000000001,,False,,,,,,
1630557,Corey Kispert,ATL,27.0,58,18.6,3.2,6.8,0.467,1.5,4.1,0.367,1.3,1.7,0.794,0.5,1.8,2.3,1.6,0.8,0.3,0.2,9.2,-2.6,108.9,115.9,-7.0,0.121,0.022,0.091,0.056,0.577,0.609,0.179,104.15,0.088,2025-26,2026,-7.699999999999999,-2.4000000000000004,-0.7000000000000002,-0.09999999999999987,-0.5,-0.10000000000000003,0.0,0.009999999999999981,0.025000000000000022,,False,,,,,,
1630558,Davion Mitchell,MIA,27.0,70,28.6,3.7,7.6,0.49,1.3,3.3,0.395,0.6,0.9,0.646,0.5,2.2,2.7,6.5,1.5,1.0,0.2,9.3,2.9,117.2,113.0,4.2,0.285,0.015,0.072,0.044,0.574,0.582,0.137,103.88,0.083,2025-26,2026,1.2000000000000028,1.4000000000000004,0.40000000000000036,1.5999999999999996,0.19999999999999996,0.0,0.0,0.0020000000000000018,0.009000000000000008,,False,,,,,,
1630559,Austin Reaves,LAL,28.0,51,34.5,7.3,14.9,0.49,2.3,6.4,0.36,6.3,7.3,0.871,0.6,4.1,4.7,5.5,3.0,1.1,0.4,23.3,3.6,117.3,112.3,5.0,0.237,0.02,0.117,0.071,0.567,0.641,0.258,100.41,0.137,2025-26,2026,-0.3999999999999986,3.1000000000000014,0.20000000000000018,-0.2999999999999998,-0.40000000000000036,0.0,0.10000000000000003,0.027999999999999997,0.025000000000000022,,False,,,,,,
1630560,Cam Thomas,MIL,24.0,42,21.0,4.5,11.0,0.41,1.2,4.0,0.31,3.3,4.0,0.811,0.3,1.4,1.7,2.6,1.8,0.2,0.1,13.5,-5.1,111.7,123.8,-12.1,0.208,0.012,0.071,0.041,0.466,0.53,0.295,96.65,0.089,2025-26,2026,-10.2,-10.5,-1.5999999999999999,-1.1999999999999997,-1.5000000000000002,-0.39999999999999997,0.0,-0.03300000000000003,-0.04499999999999993,,False,,,,,,
1630567,Scottie Barnes,TOR,24.0,80,33.5,7.1,14.0,0.507,0.9,2.8,0.304,3.0,3.7,0.815,1.9,5.6,7.5,5.9,2.6,1.4,1.5,18.1,3.3,114.6,110.0,4.6,0.255,0.055,0.166,0.11,0.537,0.577,0.226,101.0,0.139,2025-26,2026,0.7000000000000028,-1.1999999999999993,-0.20000000000000018,0.10000000000000053,-0.29999999999999993,0.0,0.5,-0.036000000000000004,0.05399999999999994,,False,,,,,,
1630568,Luka Garza,BOS,27.0,69,16.2,3.0,5.2,0.577,0.8,1.8,0.433,1.3,1.7,0.769,2.3,1.8,4.1,1.0,0.7,0.4,0.4,8.1,1.8,119.4,113.6,5.8,0.085,0.129,0.11,0.12,0.654,0.682,0.168,97.4,0.103,2025-26,2026,10.6,4.6,2.6999999999999997,0.7,0.5,0.2,0.30000000000000004,-0.07299999999999998,0.1090000000000001,,False,,,,,,
1630570,Trendon Watford,PHI,25.0,53,16.3,2.6,5.1,0.515,0.2,0.9,0.2,1.1,1.5,0.779,0.7,2.6,3.3,2.5,1.2,0.3,0.4,6.5,-2.9,106.5,115.6,-9.1,0.229,0.041,0.146,0.094,0.534,0.573,0.17,103.23,0.093,2025-26,2026,-4.399999999999999,-3.6999999999999993,-0.30000000000000027,-0.10000000000000009,-0.49999999999999994,-0.3,0.10000000000000003,-0.055999999999999994,0.015999999999999903,,False,,,,,,
1630572,Sandro Mamukelashvili,TOR,27.0,80,21.9,4.1,7.9,0.523,1.4,3.7,0.389,1.5,2.0,0.747,1.4,3.6,4.9,1.9,0.8,0.8,0.5,11.2,2.3,114.9,109.7,5.3,0.123,0.06,0.163,0.111,0.614,0.637,0.181,101.19,0.123,2025-26,2026,10.7,4.8999999999999995,1.8000000000000003,1.0999999999999999,0.3999999999999999,0.4,0.2,-0.02100000000000002,0.009000000000000008,,False,,,,,,
1630573,Sam Hauser,BOS,28.0,78,24.8,3.2,7.7,0.419,2.5,6.5,0.393,0.2,0.3,0.85,0.7,3.1,3.8,1.5,0.4,0.5,0.3,9.2,4.7,119.8,111.0,8.8,0.077,0.028,0.118,0.073,0.584,0.59,0.141,97.23,0.08,2025-26,2026,3.1000000000000014,0.6999999999999993,0.5999999999999996,0.6,0.20000000000000018,-0.09999999999999998,0.09999999999999998,0.0009999999999999731,-0.04200000000000004,,False,,,,,,
1630574,Ariel Hukporti,NYK,24.0,54,9.2,0.8,1.5,0.563,0.0,0.1,0.25,0.5,0.6,0.788,1.0,1.9,2.9,0.5,0.6,0.2,0.5,2.2,0.6,106.8,103.8,3.1,0.08,0.104,0.192,0.148,0.569,0.619,0.104,100.1,0.084,2025-26,2026,0.5,0.30000000000000027,0.8999999999999999,0.09999999999999998,0.0,0.2,-0.09999999999999998,-0.009000000000000008,-0.03500000000000003,,False,,,,,,
1630577,Julian Champagnie,SAS,25.0,82,27.6,3.7,8.4,0.437,2.4,6.2,0.381,1.4,1.6,0.844,0.9,4.9,5.8,1.5,0.8,0.8,0.5,11.1,7.2,120.4,108.0,12.4,0.071,0.032,0.161,0.099,0.578,0.609,0.146,102.55,0.091,2025-26,2026,4.0,1.1999999999999993,1.9,0.10000000000000009,0.19999999999999973,0.10000000000000009,0.09999999999999998,-0.018000000000000016,0.03200000000000003,,False,,,,,,
1630578,Alperen Sengun,HOU,23.0,72,33.3,8.1,15.6,0.519,0.6,1.8,0.305,3.6,5.2,0.691,3.0,5.9,8.9,6.2,3.2,1.2,1.1,20.4,2.8,117.1,113.7,3.4,0.282,0.089,0.177,0.133,0.537,0.569,0.259,98.02,0.142,2025-26,2026,1.7999999999999972,1.2999999999999972,-1.4000000000000004,1.2999999999999998,0.3,0.09999999999999987,0.30000000000000004,0.0,0.02399999999999991,,False,,,,,,
1630579,Jericho Sims,MIL,27.0,67,19.7,2.2,2.8,0.784,0.0,0.0,0.0,0.7,1.1,0.62,2.2,3.3,5.5,1.6,1.1,0.3,0.3,5.0,-4.1,110.3,120.3,-10.1,0.109,0.115,0.171,0.143,0.784,0.772,0.095,97.72,0.083,2025-26,2026,7.799999999999999,3.2,1.7999999999999998,1.0,0.0,0.09999999999999998,-0.10000000000000003,0.021000000000000005,0.133,,False,,,,,,
1630581,Josh Giddey,CHI,23.0,54,32.1,5.9,13.3,0.448,1.9,5.2,0.364,3.2,4.2,0.763,1.2,7.1,8.3,9.1,3.6,1.0,0.5,17.0,-3.5,112.1,117.1,-5.0,0.41,0.037,0.201,0.121,0.52,0.562,0.238,104.46,0.142,2025-26,2026,1.9000000000000021,2.4000000000000004,0.20000000000000107,1.8999999999999995,0.3999999999999999,-0.19999999999999996,-0.09999999999999998,0.023999999999999994,-0.007999999999999896,,False,,,,,,
1630583,Santi Aldama,MEM,25.0,43,27.9,5.3,11.1,0.479,1.6,4.7,0.35,1.8,2.7,0.667,1.6,5.1,6.7,2.9,1.3,0.9,0.7,14.0,-1.1,113.6,116.0,-2.4,0.153,0.052,0.171,0.112,0.553,0.572,0.191,103.47,0.115,2025-26,2026,2.3999999999999986,1.5,0.2999999999999998,0.0,-0.19999999999999996,0.09999999999999998,0.29999999999999993,0.01200000000000001,-0.016000000000000014,,False,,,,,,
1630587,Isaiah Livers,PHX,27.0,36,9.6,0.6,1.8,0.344,0.3,1.1,0.3,0.3,0.3,0.75,0.5,1.2,1.7,0.6,0.3,0.4,0.2,1.8,0.3,109.4,108.3,1.1,0.078,0.05,0.116,0.083,0.438,0.469,0.094,101.64,0.05,2025-26,2026,0.0,0.0,0.0,0.0,0.0,0.0,0.0,0.0,0.0,,False,,,,,,
1630590,Scotty Pippen Jr.,MEM,25.0,10,21.2,4.3,9.6,0.448,1.0,3.2,0.313,1.8,2.3,0.783,0.8,1.4,2.2,4.7,2.7,1.9,0.4,11.4,-5.0,107.1,118.7,-11.5,0.324,0.035,0.065,0.05,0.5,0.537,0.255,104.78,0.086,2025-26,2026,-0.10000000000000142,1.5,-1.0999999999999996,0.2999999999999998,-0.10000000000000009,0.5999999999999999,0.0,0.067,-0.04499999999999993,,False,,,,,,
1630591,Jalen Suggs,ORL,25.0,57,27.6,4.9,11.4,0.435,2.1,6.3,0.339,1.8,2.1,0.855,0.6,3.2,3.9,5.5,2.7,1.8,0.7,13.8,3.2,113.6,108.4,5.2,0.284,0.022,0.112,0.068,0.529,0.561,0.22,104.54,0.11,2025-26,2026,-1.0,-2.3999999999999986,-0.10000000000000009,1.7999999999999998,-0.10000000000000009,0.30000000000000004,-0.20000000000000007,-0.048000000000000015,0.025000000000000022,,False,,,,,,
1630592,Jalen Wilson,BKN,25.0,54,15.9,2.0,5.1,0.396,1.0,2.8,0.355,1.3,1.8,0.719,0.3,1.8,2.1,0.9,0.7,0.4,0.0,6.4,-3.6,104.5,115.4,-10.9,0.098,0.019,0.122,0.067,0.493,0.536,0.177,98.57,0.061,2025-26,2026,-9.799999999999999,-3.0999999999999996,-1.2999999999999998,-0.9,-0.5,-0.09999999999999998,-0.1,0.015999999999999986,-0.0050000000000000044,,False,,,,,,
1630595,Cade Cunningham,DET,24.0,64,33.9,8.6,18.6,0.461,2.0,5.7,0.342,4.8,6.0,0.812,0.9,4.7,5.5,9.9,3.7,1.4,0.8,23.9,8.1,120.4,109.0,11.4,0.43,0.025,0.132,0.079,0.513,0.564,0.296,100.94,0.159,2025-26,2026,-1.1000000000000014,-2.200000000000003,-0.5999999999999996,0.8000000000000007,-0.10000000000000009,0.3999999999999999,0.0,-0.027000000000000024,-0.0010000000000000009,,False,,,,,,
1630596,Evan Mobley,CLE,25.0,65,31.9,7.2,13.2,0.546,1.0,3.2,0.297,2.8,4.6,0.606,2.4,6.6,9.0,3.6,1.9,0.7,1.7,18.2,3.4,117.0,111.3,5.7,0.168,0.073,0.196,0.135,0.582,0.596,0.221,101.89,0.135,2025-26,2026,1.3999999999999986,-0.3000000000000007,-0.3000000000000007,0.3999999999999999,-0.19999999999999996,-0.20000000000000007,0.09999999999999987,-0.0050000000000000044,-0.03700000000000003,,False,,,,,,
1630598,Aaron Wiggins,OKC,27.0,65,21.8,3.6,8.2,0.431,1.5,4.2,0.356,0.8,1.1,0.736,0.6,2.4,3.1,1.7,1.2,0.9,0.4,9.4,2.7,112.8,106.7,6.2,0.11,0.028,0.101,0.066,0.521,0.538,0.194,101.47,0.082,2025-26,2026,-1.0999999999999979,-2.5999999999999996,-0.7999999999999998,-0.10000000000000009,-0.19999999999999996,0.09999999999999998,0.2,-0.006000000000000005,-0.05799999999999994,,False,,,,,,
1630604,E.J. Liddell,BKN,25.0,26,13.4,2.1,4.3,0.486,0.7,2.0,0.346,0.8,1.0,0.808,0.5,2.1,2.7,0.9,0.6,0.2,0.4,5.7,-1.8,108.1,114.6,-6.5,0.114,0.039,0.174,0.102,0.568,0.6,0.168,99.52,0.087,2025-26,2026,9.0,3.9000000000000004,1.9000000000000001,0.6000000000000001,0.39999999999999997,0.1,0.30000000000000004,0.038000000000000006,-0.061000000000000054,,False,,,,,,
1630610,DeJon Jarreau,MEM,28.0,11,21.0,3.0,7.5,0.398,0.4,2.7,0.133,1.6,2.1,0.783,1.1,3.5,4.6,3.3,2.4,0.9,0.7,8.0,-10.2,99.2,122.2,-23.0,0.265,0.046,0.174,0.105,0.422,0.473,0.211,103.18,0.073,2025-26,2026,0.0,0.0,0.0,0.0,0.0,0.0,0.0,0.0,0.0,,False,,,,,,
1630611,Gui Santos,GSW,24.0,68,20.5,3.4,6.8,0.5,1.1,3.3,0.351,1.3,1.8,0.725,1.1,2.8,3.9,2.3,1.5,0.9,0.3,9.2,0.5,111.7,110.7,1.0,0.168,0.052,0.138,0.094,0.585,0.609,0.181,100.89,0.097,2025-26,2026,6.9,5.1,0.7999999999999998,0.8999999999999999,0.5000000000000001,0.5,0.09999999999999998,0.05499999999999999,0.03400000000000003,,False,,,,,,
1630619,Moussa Cisse,DAL,23.0,38,13.9,1.7,3.0,0.574,0.0,0.0,0.0,1.0,2.1,0.469,2.3,3.3,5.7,0.2,0.8,0.5,1.2,4.5,-0.1,111.2,110.7,0.5,0.023,0.15,0.215,0.182,0.574,0.564,0.136,104.05,0.087,2025-26,2026,0.0,0.0,0.0,0.0,0.0,0.0,0.0,0.0,0.0,,False,,,,,,
1630621,Hunter Dickinson,NOP,25.0,5,8.5,1.0,2.8,0.357,0.0,0.8,0.0,0.4,0.4,1.0,0.4,0.6,1.0,0.4,0.6,0.2,0.4,2.4,-7.4,100.0,135.7,-35.7,0.065,0.036,0.063,0.049,0.357,0.403,0.162,109.61,0.01,2025-26,2026,0.0,0.0,0.0,0.0,0.0,0.0,0.0,0.0,0.0,,False,,,,,,
1630623,Tyson Etienne,BKN,26.0,24,15.8,2.4,6.0,0.4,1.8,4.5,0.398,1.3,1.5,0.833,0.2,0.9,1.1,1.7,0.7,0.5,0.0,7.9,-4.3,105.6,117.8,-12.2,0.17,0.013,0.06,0.036,0.548,0.588,0.198,102.0,0.071,2025-26,2026,-5.800000000000001,0.0,-0.19999999999999996,0.0,-0.09999999999999987,0.09999999999999998,-0.1,0.02100000000000002,0.09999999999999998,,False,,,,,,
1630625,Dalano Banton,BOS,26.0,6,10.3,0.7,2.0,0.333,0.0,0.2,0.0,0.7,0.7,1.0,0.3,0.5,0.8,1.8,1.3,0.3,0.8,2.0,-1.5,110.0,114.3,-4.3,0.268,0.034,0.043,0.039,0.333,0.436,0.152,102.38,0.051,2025-26,2026,-6.399999999999999,-6.300000000000001,-1.2,-0.5999999999999999,-1.1,-0.3,0.30000000000000004,-0.08499999999999999,-0.061,,False,,,,,,
1630631,Jose Alvarado,NYK,28.0,69,19.9,2.7,6.5,0.416,1.5,4.2,0.352,0.5,0.7,0.761,0.4,2.1,2.5,3.4,1.1,1.0,0.1,7.4,0.3,112.0,110.7,1.3,0.244,0.018,0.1,0.06,0.529,0.543,0.167,99.57,0.088,2025-26,2026,-4.5,-2.9000000000000004,0.10000000000000009,-1.1999999999999997,-0.5,-0.30000000000000004,-0.19999999999999998,-0.025999999999999995,0.020000000000000018,,False,,,,,,
1630639,A.J. Lawson,TOR,25.0,24,9.4,1.4,3.3,0.436,0.8,1.9,0.422,0.6,0.8,0.778,0.4,1.4,1.8,0.3,0.3,0.5,0.2,4.2,-0.4,107.6,110.7,-3.1,0.046,0.039,0.156,0.096,0.558,0.588,0.172,99.45,0.091,2025-26,2026,-9.299999999999999,-4.8999999999999995,-1.4999999999999998,-0.8999999999999999,-0.5,0.0,0.0,-0.017000000000000015,0.04599999999999993,,False,,,,,,
1630643,Jay Huff,IND,28.0,82,21.0,3.5,7.5,0.476,1.5,4.5,0.319,1.0,1.2,0.828,0.9,3.1,4.0,1.5,0.9,0.5,1.9,9.5,-3.1,107.4,113.7,-6.3,0.105,0.041,0.135,0.089,0.574,0.598,0.178,102.99,0.092,2025-26,2026,9.3,2.5999999999999996,2.0,0.9,0.19999999999999996,0.2,0.9999999999999999,-0.016000000000000014,-0.06800000000000006,,False,,,,,,
1630644,Mac McClung,CHI,27.0,11,12.3,2.1,5.4,0.39,0.6,2.7,0.233,1.3,1.6,0.778,0.2,0.7,0.9,0.9,0.8,1.0,0.3,6.1,-2.4,112.3,121.7,-9.4,0.096,0.012,0.063,0.034,0.449,0.501,0.199,106.88,0.047,2025-26,2026,7.200000000000001,6.1,0.4,-0.6,0.6,1.0,0.3,0.11200000000000002,0.501,,False,,,,,,
1630649,Stanley Umude,SAS,27.0,2,3.3,0.5,1.0,0.5,0.0,0.5,0.0,0.0,0.0,0.0,0.0,0.0,0.0,0.5,0.0,0.5,0.0,1.0,-8.5,57.1,166.7,-109.5,0.333,0.0,0.0,0.0,0.5,0.5,0.143,105.99,0.029,2025-26,2026,-0.6000000000000001,0.30000000000000004,-0.8,0.3,-0.1,0.4,-0.3,0.005999999999999978,0.22999999999999998,,False,,,,,,
1630658,Colin Castleton,ORL,26.0,4,5.3,0.5,1.3,0.4,0.0,0.0,0.0,0.3,0.3,1.0,0.5,1.5,2.0,0.3,0.5,0.3,0.0,1.3,1.5,116.3,102.3,14.0,0.053,0.105,0.333,0.216,0.4,0.46,0.14,96.52,0.098,2025-26,2026,-11.3,-3.4000000000000004,-2.7,-0.8,-0.1,0.0,-0.4,0.015000000000000013,-0.07600000000000001,,False,,,,,,
1630679,Ethan Thompson,IND,27.0,32,20.4,2.3,6.1,0.378,1.2,3.6,0.328,1.2,1.5,0.787,0.5,1.6,2.2,1.8,0.8,0.6,0.3,7.0,0.0,109.8,109.9,-0.1,0.122,0.025,0.078,0.051,0.474,0.515,0.154,101.84,0.051,2025-26,2026,0.0,0.0,0.0,0.0,0.0,0.0,0.0,0.0,0.0,,False,,,,,,
1630692,Jordan Goodwin,PHX,27.0,70,22.5,3.3,7.9,0.413,1.6,4.3,0.371,0.6,0.8,0.696,2.0,2.9,4.9,2.2,1.0,1.5,0.2,8.7,1.3,113.4,110.1,3.3,0.136,0.08,0.134,0.105,0.514,0.525,0.167,99.3,0.098,2025-26,2026,3.8000000000000007,3.0999999999999996,1.0000000000000004,0.8000000000000003,0.7000000000000001,0.5,-0.2,0.033,-0.016000000000000014,,False,,,,,,
1630695,Micah Potter,IND,28.0,47,19.3,3.2,6.2,0.515,1.5,3.6,0.423,1.8,2.1,0.842,1.2,3.7,5.0,1.5,1.0,0.5,0.3,9.7,-2.6,108.4,114.8,-6.4,0.111,0.061,0.193,0.125,0.637,0.679,0.174,105.56,0.114,2025-26,2026,0.6999999999999993,5.3999999999999995,0.7000000000000002,0.7,0.7,0.09999999999999998,-0.10000000000000003,0.072,0.1160000000000001,,False,,,,,,
1630696,Dru Smith,MIA,28.0,70,16.3,1.9,4.6,0.415,0.5,1.8,0.295,1.2,1.5,0.829,0.9,1.6,2.5,2.6,0.8,1.4,0.3,5.6,-1.2,107.1,110.3,-3.2,0.214,0.047,0.085,0.066,0.474,0.532,0.142,107.2,0.091,2025-26,2026,-2.8999999999999986,-0.6000000000000005,-0.10000000000000009,1.0,-0.6000000000000001,-0.10000000000000009,-0.10000000000000003,0.010999999999999982,-0.124,,False,,,,,,
1630699,MarJon Beauchamp,PHI,25.0,14,14.0,2.4,5.4,0.434,1.1,3.4,0.34,0.9,1.4,0.684,0.5,1.8,2.3,1.1,0.9,0.6,0.3,6.8,-1.9,107.5,111.6,-4.0,0.109,0.033,0.114,0.075,0.539,0.563,0.203,104.76,0.087,2025-26,2026,9.5,4.5,0.9999999999999998,0.8,0.8,0.5,0.3,-0.01899999999999999,0.027999999999999914,,False,,,,,,
1630700,Dyson Daniels,ATL,23.0,76,33.2,5.3,10.2,0.517,0.3,1.5,0.188,1.0,1.6,0.615,2.4,4.4,6.8,5.9,1.8,2.0,0.4,11.9,4.0,116.8,110.6,6.2,0.23,0.071,0.129,0.1,0.532,0.542,0.157,103.18,0.106,2025-26,2026,-0.5999999999999943,-2.1999999999999993,0.8999999999999995,1.5,-0.8,-1.0,-0.29999999999999993,-0.02099999999999999,-0.0030000000000000027,,False,,,,,,
1630702,Jaden Hardy,WAS,23.0,57,15.8,3.2,7.5,0.424,1.8,4.6,0.397,1.0,1.3,0.733,0.3,1.2,1.5,1.0,1.1,0.3,0.1,9.2,-1.5,112.0,116.4,-4.4,0.095,0.017,0.078,0.047,0.545,0.566,0.239,103.45,0.066,2025-26,2026,-0.09999999999999964,0.5,-0.10000000000000009,-0.3999999999999999,0.5,-0.2,0.0,-0.0050000000000000044,0.016999999999999904,,False,,,,,,
1630703,Scoot Henderson,POR,22.0,30,24.9,4.8,11.4,0.418,1.9,5.4,0.352,2.8,3.3,0.84,0.6,2.1,2.7,3.7,2.4,0.9,0.3,14.2,1.8,112.2,109.0,3.2,0.231,0.022,0.078,0.05,0.501,0.553,0.246,103.34,0.086,2025-26,2026,-1.8000000000000007,1.5,-0.2999999999999998,-1.3999999999999995,0.2999999999999998,-0.09999999999999998,0.09999999999999998,0.025999999999999995,0.013000000000000012,,False,,,,,,
1630811,Keaton Wallace,ATL,27.0,53,10.1,1.3,3.2,0.398,0.7,1.9,0.373,0.2,0.3,0.667,0.1,1.0,1.1,1.8,0.5,0.5,0.1,3.5,-1.9,102.2,110.8,-8.6,0.264,0.005,0.097,0.05,0.509,0.52,0.161,102.54,0.077,2025-26,2026,-6.1,-1.9000000000000004,-0.5,-0.8,-0.20000000000000007,-0.4,-0.19999999999999998,-0.0030000000000000027,0.017000000000000015,,False,,,,,,
1630828,Alex Antetokounmpo,MIL,24.0,6,3.4,0.5,1.3,0.375,0.3,1.2,0.286,1.8,2.5,0.733,0.3,0.7,1.0,0.2,0.2,0.0,0.2,3.2,0.8,102.2,89.4,12.8,0.083,0.083,0.138,0.113,0.5,0.651,0.314,108.15,0.196,2025-26,2026,0.0,0.0,0.0,0.0,0.0,0.0,0.0,0.0,0.0,,False,,,,,,
1630846,Olivier Sarr,CLE,27.0,4,9.8,1.3,1.8,0.714,0.5,0.8,0.667,0.5,1.3,0.4,0.5,2.3,2.8,1.3,0.5,0.5,0.8,3.5,6.5,133.3,106.8,26.5,0.143,0.069,0.196,0.147,0.857,0.761,0.108,108.56,0.088,2025-26,2026,0.0,0.0,0.0,0.0,0.0,0.0,0.0,0.0,0.0,,False,,,,,,
1631093,Jaden Ivey,CHI,24.0,37,18.1,3.1,6.9,0.445,1.4,3.6,0.373,1.0,1.3,0.809,0.6,1.8,2.5,1.8,1.1,0.6,0.4,8.5,0.7,110.3,108.2,2.1,0.145,0.034,0.096,0.065,0.543,0.571,0.192,101.98,0.091,2025-26,2026,-11.799999999999997,-9.100000000000001,-1.5999999999999996,-2.2,-0.7000000000000002,-0.30000000000000004,0.0,-0.064,0.0020000000000000018,,False,,,,,,
1631094,Paolo Banchero,ORL,23.0,72,34.7,7.3,16.0,0.459,1.2,3.8,0.305,6.3,8.2,0.775,1.2,7.2,8.4,5.2,3.1,0.7,0.6,22.2,0.0,114.0,114.1,-0.2,0.235,0.034,0.204,0.119,0.496,0.566,0.274,100.96,0.138,2025-26,2026,0.30000000000000426,-3.6999999999999993,0.9000000000000004,0.40000000000000036,-0.7,-0.10000000000000009,0.0,-0.055999999999999994,0.014999999999999902,,False,,,,,,
1631095,Jabari Smith Jr.,HOU,23.0,77,35.1,5.7,12.7,0.449,2.3,6.3,0.363,2.1,2.7,0.775,1.4,5.5,6.9,1.9,1.4,0.7,0.9,15.8,3.4,117.0,112.0,5.0,0.073,0.039,0.152,0.096,0.54,0.569,0.179,97.66,0.093,2025-26,2026,5.0,3.6000000000000014,-0.09999999999999964,0.7999999999999998,0.5999999999999999,0.29999999999999993,0.20000000000000007,0.01899999999999999,0.006999999999999895,,False,,,,,,
1631096,Chet Holmgren,OKC,24.0,69,28.9,6.3,11.3,0.557,1.3,3.5,0.362,3.3,4.1,0.792,1.9,7.0,8.9,1.7,1.6,0.6,1.9,17.1,9.8,118.4,102.3,16.1,0.082,0.067,0.221,0.149,0.614,0.653,0.214,101.09,0.154,2025-26,2026,1.5,2.1000000000000014,0.9000000000000004,-0.30000000000000004,-0.09999999999999987,-0.09999999999999998,-0.30000000000000027,0.0,0.05400000000000005,,False,,,,,,
1631097,Bennedict Mathurin,LAC,24.0,54,30.0,5.4,12.5,0.43,1.4,4.4,0.315,5.4,6.2,0.869,1.0,4.4,5.4,2.4,2.2,0.8,0.2,17.6,-2.7,111.4,115.3,-3.9,0.123,0.034,0.142,0.088,0.485,0.575,0.246,101.15,0.105,2025-26,2026,0.10000000000000142,1.5,0.10000000000000053,0.5,0.0,0.10000000000000009,-0.09999999999999998,0.023999999999999994,-0.0040000000000000036,,False,,,,,,
1631099,Keegan Murray,SAC,25.0,23,34.5,5.5,13.0,0.42,1.3,4.9,0.277,1.7,2.1,0.776,1.4,4.3,5.7,1.7,1.2,1.0,1.6,14.0,-7.1,107.6,118.4,-10.7,0.07,0.039,0.122,0.079,0.472,0.499,0.182,100.29,0.078,2025-26,2026,0.20000000000000284,1.5999999999999996,-1.0,0.30000000000000004,-0.7,0.19999999999999996,0.7000000000000001,0.034,-0.05400000000000005,,False,,,,,,
1631101,Shaedon Sharpe,POR,23.0,50,29.4,7.8,17.4,0.452,2.1,6.1,0.337,3.1,3.9,0.787,1.0,3.3,4.3,2.6,2.9,1.4,0.1,20.8,-1.0,112.4,113.7,-1.3,0.151,0.032,0.104,0.068,0.511,0.546,0.293,103.89,0.108,2025-26,2026,-1.9000000000000021,2.3000000000000007,-0.20000000000000018,-0.19999999999999973,0.10000000000000009,0.4999999999999999,-0.1,0.04299999999999998,-0.0050000000000000044,,False,,,,,,
1631102,TyTy Washington Jr.,LAC,24.0,16,5.5,0.6,1.2,0.474,0.2,0.5,0.375,0.0,0.0,0.0,0.1,0.3,0.4,1.1,0.2,0.4,0.2,1.3,-2.4,102.9,121.0,-18.1,0.283,0.013,0.069,0.04,0.553,0.553,0.113,96.95,0.082,2025-26,2026,-1.9000000000000004,-0.9000000000000001,-0.4,0.10000000000000009,-0.09999999999999998,0.2,0.2,-0.074,0.18600000000000005,,False,,,,,,
1631103,Malaki Branham,WAS,23.0,28,9.8,1.5,3.3,0.473,0.5,1.3,0.378,1.0,1.2,0.824,0.4,1.1,1.6,0.8,0.5,0.4,0.1,4.6,-1.5,102.5,111.3,-8.8,0.131,0.039,0.113,0.074,0.549,0.604,0.177,102.37,0.099,2025-26,2026,0.7000000000000011,-0.40000000000000036,0.5,0.0,-0.19999999999999996,0.2,0.1,-0.05600000000000002,0.029000000000000026,,False,,,,,,
1631104,Blake Wesley,POR,23.0,31,11.6,1.8,4.0,0.452,0.3,1.2,0.278,0.8,1.5,0.553,0.3,1.0,1.3,2.0,1.0,0.5,0.2,4.8,-2.5,104.4,113.0,-8.6,0.254,0.02,0.087,0.052,0.492,0.511,0.189,105.83,0.075,2025-26,2026,-0.20000000000000107,1.0999999999999996,0.19999999999999996,0.0,0.0,-0.09999999999999998,0.1,0.023999999999999994,0.0010000000000000009,,False,,,,,,
1631105,Jalen Duren,DET,22.0,70,28.2,7.5,11.5,0.65,0.0,0.0,0.0,4.6,6.1,0.747,3.8,6.7,10.5,2.0,1.9,0.8,0.8,19.5,6.9,120.0,108.2,11.8,0.104,0.132,0.23,0.182,0.65,0.688,0.231,100.81,0.177,2025-26,2026,2.099999999999998,7.699999999999999,0.1999999999999993,-0.7000000000000002,0.0,0.10000000000000009,-0.30000000000000004,0.07,-0.015000000000000013,,False,,,,,,
1631106,Tari Eason,HOU,25.0,60,25.8,4.0,9.7,0.416,1.6,4.3,0.358,0.9,1.1,0.776,2.1,4.2,6.3,1.5,1.4,1.2,0.5,10.5,2.8,116.1,109.6,6.5,0.078,0.077,0.156,0.116,0.496,0.514,0.181,99.06,0.083,2025-26,2026,0.9000000000000021,-1.5,-0.10000000000000053,0.0,0.5,-0.5,-0.4,-0.0040000000000000036,-0.052999999999999936,,False,,,,,,
1631107,Nikola Jović,MIA,23.0,47,17.2,2.4,6.7,0.366,1.0,3.6,0.269,1.5,2.1,0.683,0.5,2.7,3.3,2.2,1.4,0.6,0.4,7.3,-0.1,109.3,110.1,-0.8,0.173,0.028,0.137,0.084,0.438,0.48,0.203,107.64,0.073,2025-26,2026,-7.900000000000002,-3.3999999999999995,-0.6000000000000001,-0.5999999999999996,-0.7,-0.20000000000000007,0.10000000000000003,0.025000000000000022,-0.11499999999999999,,False,,,,,,
1631108,Max Christie,DAL,23.0,77,29.1,4.2,9.4,0.441,2.3,5.8,0.404,1.6,1.8,0.899,0.2,3.0,3.2,2.0,1.2,0.6,0.4,12.3,-4.4,108.3,115.2,-6.9,0.095,0.006,0.097,0.052,0.566,0.601,0.162,103.23,0.079,2025-26,2026,1.8000000000000007,2.700000000000001,-0.09999999999999964,0.10000000000000009,0.7999999999999998,-0.20000000000000007,0.0,0.01200000000000001,0.031000000000000028,,False,,,,,,
1631109,Mark Williams,PHX,24.0,60,23.6,4.7,7.3,0.644,0.0,0.0,1.0,2.3,2.9,0.771,3.1,4.9,8.0,1.0,1.1,0.9,0.9,11.7,-0.7,111.3,113.3,-2.0,0.064,0.124,0.201,0.162,0.645,0.68,0.167,101.01,0.141,2025-26,2026,-3.0,-3.6000000000000014,-2.1999999999999993,-1.5,0.0,0.20000000000000007,-0.29999999999999993,-0.04299999999999998,0.03300000000000003,,False,,,,,,
1631110,Jeremy Sochan,NYK,23.0,44,10.6,1.5,2.9,0.496,0.3,1.0,0.244,0.4,0.6,0.731,0.8,1.6,2.4,0.9,0.5,0.4,0.2,3.6,-1.3,107.2,111.1,-3.9,0.124,0.076,0.149,0.111,0.539,0.563,0.141,101.73,0.081,2025-26,2026,-14.700000000000001,-7.800000000000001,-4.1,-1.5,-0.2,-0.4,-0.3,-0.04300000000000001,-0.026000000000000023,,False,,,,,,
1631111,Wendell Moore Jr.,DET,24.0,6,9.9,0.7,1.2,0.571,0.0,0.2,0.0,0.3,0.3,1.0,0.2,0.8,1.0,0.7,0.2,0.3,0.3,1.7,7.0,129.0,94.4,34.6,0.068,0.02,0.085,0.056,0.571,0.635,0.066,100.34,0.063,2025-26,2026,-4.0,-2.5,-1.6,-0.5,-0.4,-0.3,0.19999999999999998,-0.067,0.08199999999999996,,False,,,,,,
1631113,Kennedy Chandler,UTA,23.0,11,32.3,5.5,12.5,0.445,1.4,3.5,0.395,2.5,3.9,0.651,0.5,2.8,3.4,6.7,2.1,1.0,0.2,15.0,-6.3,113.3,122.6,-9.3,0.261,0.015,0.085,0.049,0.5,0.529,0.195,109.25,0.081,2025-26,2026,0.0,0.0,0.0,0.0,0.0,0.0,0.0,0.0,0.0,,False,,,,,,
1631114,Jalen Williams,OKC,25.0,33,28.4,6.5,13.5,0.484,0.7,2.3,0.299,3.3,3.9,0.837,0.8,3.8,4.6,5.5,1.9,1.2,0.3,17.1,6.9,118.1,106.4,11.7,0.274,0.029,0.124,0.079,0.51,0.56,0.252,102.62,0.135,2025-26,2026,-4.0,-4.5,-0.7000000000000002,0.40000000000000036,-1.1,-0.40000000000000013,-0.39999999999999997,-0.018000000000000016,-0.0129999999999999,,False,,,,,,
1631115,Orlando Robinson,ORL,25.0,4,6.2,0.8,1.3,0.6,0.3,0.5,0.5,0.0,0.0,0.0,0.5,0.5,1.0,0.8,0.0,0.3,0.0,1.8,-2.8,122.4,144.9,-22.4,0.158,0.069,0.125,0.089,0.7,0.7,0.081,94.78,0.074,2025-26,2026,-11.3,-5.1000000000000005,-4.0,-1.0,-0.10000000000000003,-0.10000000000000003,-0.4,-0.09599999999999999,0.18099999999999994,,False,,,,,,
1631116,Patrick Baldwin Jr.,SAC,23.0,9,11.4,1.2,3.0,0.407,0.7,1.6,0.429,0.6,0.8,0.714,1.3,1.2,2.6,0.6,0.6,0.3,0.6,3.7,-4.3,100.0,117.2,-17.2,0.072,0.103,0.11,0.106,0.519,0.549,0.142,100.24,0.052,2025-26,2026,7.0,1.5,1.6,0.5,0.19999999999999996,0.19999999999999998,0.5,-0.009000000000000008,-0.17199999999999993,,False,,,,,,
1631117,Walker Kessler,UTA,24.0,5,30.8,5.2,7.4,0.703,1.2,1.6,0.75,2.8,4.0,0.7,4.6,6.2,10.8,3.0,3.2,1.4,1.8,14.4,2.8,118.8,114.0,4.8,0.155,0.149,0.183,0.167,0.784,0.786,0.167,98.04,0.138,2025-26,2026,0.8000000000000007,3.3000000000000007,-1.3999999999999986,1.3,1.0999999999999999,0.7999999999999999,-0.5999999999999999,0.034,0.126,,False,,,,,,
1631119,Jaylin Williams,OKC,24.0,65,19.7,2.3,5.4,0.423,1.5,3.9,0.383,1.1,1.4,0.793,0.5,5.0,5.5,2.4,1.0,0.5,0.6,7.2,4.7,114.6,103.1,11.5,0.169,0.025,0.225,0.131,0.563,0.597,0.153,102.17,0.115,2025-26,2026,3.0,1.2999999999999998,-0.09999999999999964,-0.20000000000000018,0.19999999999999996,0.0,0.0,0.01200000000000001,0.0030000000000000027,,False,,,,,,
1631120,JD Davison,HOU,23.0,28,7.8,0.9,2.3,0.375,0.3,1.1,0.25,0.5,0.7,0.684,0.1,1.1,1.2,1.3,0.3,0.2,0.2,2.5,0.6,108.7,106.1,2.6,0.219,0.014,0.131,0.074,0.438,0.477,0.153,97.79,0.09,2025-26,2026,2.0,0.3999999999999999,0.3999999999999999,0.5,0.0,-0.09999999999999998,0.1,-0.07500000000000001,0.03199999999999997,,False,,,,,,
1631121,Bryce McGowens,NOP,23.0,42,21.0,2.7,5.6,0.481,0.9,2.2,0.409,1.8,2.3,0.779,0.3,1.8,2.1,1.5,0.4,0.6,0.2,8.1,-1.7,115.3,118.9,-3.6,0.091,0.013,0.082,0.047,0.561,0.61,0.136,103.45,0.067,2025-26,2026,18.5,7.1,1.9000000000000001,1.3,0.9,0.5,0.2,-0.10799999999999998,0.21899999999999997,,False,,,,,,
1631123,Jamaree Bouyea,PHX,27.0,46,14.0,2.3,5.1,0.458,0.5,1.7,0.295,0.5,0.8,0.686,0.4,1.4,1.8,1.8,0.7,0.6,0.3,5.7,0.5,106.0,104.6,1.4,0.191,0.026,0.1,0.062,0.506,0.523,0.184,96.74,0.103,2025-26,2026,1.6999999999999993,2.3000000000000003,0.8,-0.19999999999999996,0.3,-0.20000000000000007,-0.10000000000000003,0.02099999999999999,-0.05799999999999994,,False,,,,,,
1631124,Julian Strawther,DEN,24.0,57,15.1,2.6,5.6,0.467,1.0,2.6,0.387,1.0,1.2,0.814,0.2,1.8,2.0,1.1,0.6,0.4,0.1,7.2,0.4,115.0,113.5,1.5,0.101,0.014,0.112,0.065,0.558,0.59,0.187,101.86,0.082,2025-26,2026,-6.200000000000001,-1.7999999999999998,-0.20000000000000018,-0.19999999999999996,-0.3999999999999999,-0.19999999999999996,-0.1,0.014000000000000012,0.030999999999999917,,False,,,,,,
1631126,Caleb Love,POR,24.0,49,20.7,3.9,10.0,0.388,1.9,6.0,0.318,0.7,1.0,0.735,0.5,1.8,2.3,2.5,1.3,0.6,0.1,10.4,-2.6,108.2,114.5,-6.3,0.187,0.023,0.083,0.053,0.483,0.497,0.228,102.91,0.079,2025-26,2026,0.0,0.0,0.0,0.0,0.0,0.0,0.0,0.0,0.0,,False,,,,,,
1631127,Harrison Ingram,SAS,23.0,7,3.7,0.7,0.9,0.833,0.1,0.1,1.0,0.0,0.0,0.0,0.4,0.0,0.4,0.1,0.1,0.0,0.0,1.6,-0.9,105.3,117.9,-12.6,0.048,0.125,0.0,0.075,0.917,0.917,0.104,103.84,0.086,2025-26,2026,-3.3,0.8,-1.4,-0.5,0.1,-0.6,0.0,0.044,0.41700000000000004,,False,,,,,,
1631128,Christian Braun,DEN,25.0,44,31.8,4.6,8.8,0.519,1.0,3.3,0.301,1.8,2.3,0.782,1.4,3.4,4.8,2.7,1.0,0.7,0.3,12.0,6.6,124.2,114.1,10.1,0.108,0.046,0.101,0.075,0.575,0.607,0.142,101.38,0.076,2025-26,2026,-2.099999999999998,-3.4000000000000004,-0.40000000000000036,0.10000000000000009,-0.10000000000000009,-0.40000000000000013,-0.2,-0.013000000000000012,-0.05800000000000005,,False,,,,,,
1631131,Oscar Tshiebwe,UTA,26.0,27,16.6,3.4,5.4,0.634,0.0,0.0,0.0,1.0,1.8,0.551,2.9,3.8,6.6,1.2,0.8,0.6,0.2,7.8,-2.9,110.9,118.9,-8.0,0.101,0.151,0.224,0.185,0.634,0.633,0.162,104.74,0.125,2025-26,2026,-1.5999999999999979,0.20000000000000018,-2.0999999999999996,0.6,0.0,-0.30000000000000004,0.1,0.018000000000000016,-0.007000000000000006,,False,,,,,,
1631132,Christian Koloko,ATL,26.0,27,13.2,1.1,2.7,0.419,0.0,0.3,0.111,0.4,0.6,0.667,1.1,1.9,3.0,0.7,0.6,0.5,0.9,2.7,-0.5,106.9,108.2,-1.3,0.064,0.08,0.125,0.103,0.426,0.453,0.109,104.9,0.046,2025-26,2026,4.0,0.30000000000000027,0.5,0.29999999999999993,0.0,0.3,0.5,0.0050000000000000044,-0.17099999999999999,,False,,,,,,
1631133,Jabari Walker,PHI,23.0,64,11.9,1.5,3.3,0.455,0.5,1.5,0.337,0.8,1.1,0.735,1.1,1.9,3.0,0.5,0.4,0.4,0.2,4.3,0.1,112.8,112.8,0.0,0.061,0.087,0.156,0.12,0.531,0.568,0.142,102.53,0.073,2025-26,2026,-0.5999999999999996,-0.9000000000000004,-0.5,-0.09999999999999998,0.0,-0.19999999999999996,0.1,-0.014000000000000012,-0.03300000000000003,,False,,,,,,
1631157,Ryan Rollins,MIL,23.0,74,32.1,6.6,13.9,0.472,2.5,6.1,0.406,1.7,2.1,0.796,0.7,3.8,4.6,5.6,2.7,1.5,0.4,17.3,-2.4,113.3,116.5,-3.2,0.264,0.023,0.115,0.07,0.561,0.583,0.236,99.55,0.111,2025-26,2026,17.5,11.100000000000001,2.6999999999999997,3.6999999999999997,1.6,0.7,0.10000000000000003,0.056999999999999995,-0.017000000000000015,,False,,,,,,
1631159,Leonard Miller,CHI,22.0,46,15.6,3.2,5.7,0.553,0.7,2.2,0.323,0.8,1.2,0.736,1.2,2.8,3.9,0.9,0.8,0.4,0.3,7.8,-0.6,111.7,114.1,-2.5,0.077,0.073,0.158,0.118,0.615,0.633,0.176,106.87,0.104,2025-26,2026,13.2,6.3,3.0999999999999996,0.9,0.7,0.2,0.19999999999999998,-0.063,0.09299999999999997,,False,,,,,,
1631165,Keon Ellis,CLE,26.0,72,20.5,2.3,5.3,0.44,1.3,3.5,0.363,0.7,1.0,0.729,0.5,1.3,1.9,1.0,0.6,1.2,0.6,6.7,-2.0,110.6,115.4,-4.8,0.067,0.025,0.066,0.045,0.559,0.579,0.129,100.49,0.058,2025-26,2026,-3.8999999999999986,-1.6000000000000005,-0.8000000000000003,-0.5,-0.3999999999999999,-0.30000000000000004,-0.20000000000000007,0.0040000000000000036,-0.08500000000000008,,False,,,,,,
1631166,Drew Timme,LAL,25.0,27,8.7,1.4,2.4,0.576,0.4,0.9,0.44,0.2,0.3,0.556,0.4,0.9,1.2,0.9,0.5,0.2,0.0,3.4,-0.9,108.1,115.0,-6.9,0.145,0.047,0.093,0.072,0.659,0.658,0.155,97.7,0.084,2025-26,2026,-19.5,-8.7,-6.0,-1.3000000000000003,-0.6,-0.2,-0.1,-0.04999999999999999,0.15800000000000003,,False,,,,,,
1631169,Josh Minott,BKN,23.0,49,17.0,2.6,5.1,0.5,1.3,3.1,0.418,1.0,1.2,0.787,1.0,2.2,3.2,0.9,0.9,0.9,0.5,7.4,-0.5,111.7,111.7,-0.1,0.083,0.055,0.128,0.091,0.627,0.653,0.162,98.94,0.104,2025-26,2026,11.0,4.800000000000001,2.2,0.5,1.0,0.6000000000000001,0.2,0.0020000000000000018,0.04800000000000004,,False,,,,,,
1631170,Jaime Jaquez Jr.,MIA,25.0,75,28.3,6.2,12.2,0.507,0.8,2.4,0.317,2.2,2.9,0.769,1.3,3.7,5.0,4.7,2.0,0.7,0.3,15.4,1.9,114.7,111.9,2.9,0.24,0.042,0.117,0.08,0.539,0.57,0.216,105.49,0.113,2025-26,2026,7.600000000000001,6.800000000000001,0.5999999999999996,2.2,0.20000000000000007,-0.20000000000000007,0.09999999999999998,0.021999999999999992,0.026999999999999913,,False,,,,,,
1631172,Ousmane Dieng,MIL,23.0,57,19.3,2.9,7.0,0.422,1.1,3.2,0.341,0.6,0.8,0.711,0.5,2.6,3.2,2.4,1.3,0.4,0.3,7.6,-3.7,108.7,117.3,-8.6,0.185,0.026,0.136,0.081,0.501,0.516,0.192,99.84,0.075,2025-26,2026,8.4,3.8,1.0,1.5999999999999999,0.5000000000000001,-0.09999999999999998,0.09999999999999998,0.04000000000000001,-0.02200000000000002,,False,,,,,,
1631174,Tyler Burton,MEM,26.0,12,25.6,3.5,9.3,0.375,1.8,5.5,0.333,1.9,2.3,0.852,0.7,3.5,4.2,1.0,0.9,0.9,0.3,10.8,-12.1,102.0,124.3,-22.3,0.062,0.023,0.137,0.076,0.473,0.521,0.18,103.12,0.061,2025-26,2026,0.0,0.0,0.0,0.0,0.0,0.0,0.0,0.0,0.0,,False,,,,,,
1631199,Ron Harper Jr.,BOS,26.0,29,10.9,1.6,3.8,0.418,1.0,2.8,0.35,0.1,0.1,0.75,0.5,1.1,1.7,0.8,0.3,0.3,0.3,4.2,0.6,111.6,109.0,2.7,0.1,0.043,0.101,0.072,0.545,0.55,0.158,96.22,0.086,2025-26,2026,-6.1,0.20000000000000018,-5.3,-1.2,1.0,0.3,0.3,-0.046999999999999986,0.32500000000000007,,False,,,,,,
1631200,Kris Murray,POR,25.0,57,23.4,2.3,4.8,0.467,0.6,2.1,0.279,0.7,1.0,0.684,1.6,2.0,3.6,1.4,0.8,0.9,0.4,5.8,0.8,110.6,109.1,1.5,0.082,0.062,0.084,0.073,0.529,0.55,0.103,102.27,0.063,2025-26,2026,8.299999999999999,1.5999999999999996,1.0,0.3999999999999999,0.19999999999999996,0.4,0.2,-0.030000000000000013,0.07800000000000007,,False,,,,,,
1631204,Marcus Sasser,DET,25.0,38,12.0,1.8,4.7,0.39,1.2,2.8,0.415,0.4,0.5,0.833,0.2,0.8,1.0,2.0,0.8,0.5,0.1,5.2,3.1,116.4,103.1,13.4,0.217,0.016,0.07,0.044,0.514,0.533,0.197,101.68,0.078,2025-26,2026,-2.1999999999999993,-1.3999999999999995,-0.19999999999999996,-0.2999999999999998,0.19999999999999996,-0.09999999999999998,0.0,0.010000000000000009,-0.05599999999999994,,False,,,,,,
1631205,Buddy Boeheim,OKC,26.0,4,3.8,0.5,1.5,0.333,0.5,1.5,0.333,0.0,0.0,0.0,0.0,0.0,0.0,0.0,0.0,0.0,0.0,1.5,1.5,84.4,72.4,12.0,0.0,0.0,0.0,0.0,0.5,0.5,0.158,97.58,0.028,2025-26,2026,0.0,0.0,0.0,0.0,0.0,0.0,0.0,0.0,0.0,,False,,,,,,
1631207,Dalen Terry,PHI,23.0,48,11.5,1.4,3.2,0.439,0.5,1.4,0.364,0.3,0.6,0.533,0.5,1.3,1.8,1.4,0.5,0.6,0.3,3.7,-0.9,106.8,109.7,-2.9,0.167,0.041,0.099,0.069,0.516,0.523,0.139,104.92,0.076,2025-26,2026,-2.0,-0.7999999999999998,0.10000000000000009,0.09999999999999987,0.0,0.0,0.09999999999999998,-0.002999999999999975,-0.02300000000000002,,False,,,,,,
1631210,Jacob Toppin,ATL,26.0,5,3.4,0.8,1.2,0.667,0.0,0.0,0.0,0.0,0.0,0.0,0.0,0.2,0.2,0.2,0.0,0.0,0.2,1.6,2.6,102.7,71.4,31.3,0.091,0.0,0.067,0.033,0.667,0.667,0.14,102.45,0.181,2025-26,2026,-1.0000000000000004,0.20000000000000018,-0.7,-0.2,-0.3,-0.1,0.2,0.0,0.14400000000000002,,False,,,,,,
1631211,Trevor Keels,MIA,22.0,8,1.9,0.4,1.5,0.25,0.3,1.1,0.222,0.0,0.0,0.0,0.0,0.3,0.3,0.0,0.0,0.1,0.0,1.0,0.6,87.5,69.8,17.7,0.0,0.0,0.083,0.047,0.333,0.333,0.261,133.27,0.039,2025-26,2026,0.0,0.0,0.0,0.0,0.0,0.0,0.0,0.0,0.0,,False,,,,,,
1631212,Peyton Watson,DEN,23.0,54,29.6,5.3,10.8,0.491,1.5,3.6,0.411,2.6,3.5,0.73,0.9,4.0,4.9,2.1,1.7,0.9,1.1,14.6,3.6,123.7,117.6,6.2,0.096,0.033,0.127,0.083,0.56,0.594,0.204,99.45,0.087,2025-26,2026,5.300000000000001,6.5,1.5000000000000004,0.7000000000000002,0.8,0.20000000000000007,-0.2999999999999998,0.06599999999999998,0.030000000000000027,,False,,,,,,
1631213,Tyrese Martin,PHI,27.0,46,16.9,2.4,6.0,0.394,1.2,3.6,0.321,0.4,0.6,0.679,0.7,1.8,2.5,1.7,0.9,0.5,0.1,6.3,-3.9,105.8,116.8,-10.9,0.163,0.04,0.112,0.074,0.489,0.501,0.178,97.87,0.077,2025-26,2026,-5.0,-2.3999999999999995,-1.2000000000000002,-0.30000000000000004,-0.5,-0.09999999999999998,-0.1,-0.0010000000000000009,-0.03200000000000003,,False,,,,,,
1631214,Alondes Williams,WAS,27.0,4,25.2,4.0,6.5,0.615,1.3,3.5,0.357,1.8,2.0,0.875,1.3,5.0,6.3,3.0,1.3,0.8,0.8,11.0,8.8,122.5,106.9,15.6,0.14,0.054,0.192,0.128,0.712,0.745,0.141,103.59,0.133,2025-26,2026,21.5,6.0,6.3,2.0,0.30000000000000004,0.8,0.8,-0.145,-0.505,,False,,,,,,
1631216,Caleb Houstan,ATL,23.0,18,4.2,0.8,1.4,0.538,0.6,1.2,0.524,0.2,0.2,1.0,0.3,0.3,0.6,0.2,0.2,0.1,0.1,2.3,0.1,97.6,98.2,-0.6,0.083,0.066,0.081,0.073,0.75,0.769,0.168,106.86,0.103,2025-26,2026,-9.399999999999999,-1.7999999999999998,-0.7000000000000001,-0.39999999999999997,-0.5000000000000001,-0.30000000000000004,0.0,0.053000000000000005,0.16400000000000003,,False,,,,,,
1631217,Moussa Diabaté,CHA,24.0,73,26.0,3.1,5.0,0.631,0.0,0.0,0.5,1.6,2.4,0.659,3.7,5.0,8.7,1.9,1.0,0.8,1.0,7.9,4.7,122.0,111.5,10.5,0.099,0.139,0.191,0.164,0.632,0.653,0.112,97.8,0.108,2025-26,2026,8.5,2.2,2.499999999999999,1.0999999999999999,0.0,0.20000000000000007,0.4,-0.018000000000000002,0.04400000000000004,,False,,,,,,
1631218,Trayce Jackson-Davis,TOR,26.0,53,9.4,1.3,2.3,0.573,0.0,0.0,1.0,0.7,1.4,0.514,1.2,1.5,2.7,0.7,0.4,0.3,0.5,3.4,-1.4,102.9,110.5,-7.6,0.122,0.124,0.158,0.14,0.577,0.578,0.142,103.78,0.1,2025-26,2026,-6.199999999999999,-3.1999999999999997,-2.3,-1.0,0.0,-0.10000000000000003,-0.09999999999999998,-0.02200000000000002,-0.009000000000000008,,False,,,,,,
1631221,Collin Gillespie,PHX,27.0,80,28.5,4.4,10.5,0.418,2.9,7.2,0.401,1.0,1.1,0.874,1.1,3.0,4.1,4.6,1.6,1.2,0.2,12.7,2.5,113.7,110.0,3.7,0.228,0.036,0.107,0.07,0.556,0.575,0.181,99.53,0.108,2025-26,2026,14.5,6.799999999999999,1.6999999999999997,2.1999999999999997,1.7,0.6,0.0,0.010999999999999982,-0.0030000000000000027,,False,,,,,,
1631222,Jake LaRavia,LAL,24.0,82,25.1,2.9,6.4,0.459,1.0,3.0,0.321,1.4,1.9,0.763,1.4,2.6,4.0,1.8,1.1,1.3,0.5,8.2,-0.1,116.1,116.1,0.0,0.093,0.059,0.103,0.081,0.533,0.571,0.138,100.51,0.067,2025-26,2026,4.700000000000003,1.299999999999999,0.10000000000000009,-0.5999999999999999,0.09999999999999998,0.4,0.2,-0.0020000000000000018,-0.020000000000000018,,False,,,,,,
1631223,David Roddy,DEN,25.0,5,14.6,3.0,6.0,0.5,0.6,2.2,0.273,1.4,1.4,1.0,1.6,2.4,4.0,0.8,0.4,0.8,0.2,8.0,1.0,113.8,110.7,3.1,0.078,0.105,0.126,0.117,0.55,0.605,0.191,104.52,0.128,2025-26,2026,2.1999999999999993,3.4000000000000004,1.5,-0.30000000000000004,0.0,0.4,-0.09999999999999998,0.032,0.04399999999999993,,False,,,,,,
1631230,Dominick Barlow,PHI,23.0,71,23.8,3.0,5.6,0.539,0.3,1.2,0.256,1.3,1.8,0.718,1.9,2.9,4.8,1.2,0.8,0.9,0.7,7.7,0.4,112.7,111.9,0.8,0.069,0.075,0.118,0.096,0.565,0.597,0.125,101.23,0.078,2025-26,2026,13.100000000000001,3.5,2.4,0.7,0.09999999999999998,0.6000000000000001,0.19999999999999996,-0.015999999999999986,0.017000000000000015,,False,,,,,,
1631243,Mouhamed Gueye,ATL,23.0,77,15.3,1.7,3.8,0.452,0.5,1.7,0.308,0.5,0.8,0.645,1.2,2.4,3.6,0.9,0.4,0.8,0.5,4.4,0.6,112.5,110.1,2.3,0.076,0.071,0.151,0.111,0.521,0.539,0.12,102.61,0.075,2025-26,2026,-0.8000000000000007,-1.5999999999999996,-0.6000000000000001,0.09999999999999998,-0.09999999999999998,0.0,-0.5,-0.035,0.019000000000000017,,False,,,,,,
1631245,Quenton Jackson,IND,27.0,49,18.3,3.1,6.7,0.47,0.9,2.4,0.356,2.0,2.4,0.824,0.6,1.8,2.3,2.9,1.3,0.6,0.1,9.1,-1.3,109.1,112.9,-3.8,0.227,0.03,0.092,0.061,0.534,0.589,0.2,105.34,0.096,2025-26,2026,4.700000000000001,3.3,0.6999999999999997,1.0,0.4,-0.20000000000000007,-0.1,0.033,0.009000000000000008,,False,,,,,,
1631246,Vince Williams Jr.,UTA,25.0,40,20.5,2.6,7.3,0.353,1.4,4.4,0.311,1.0,1.3,0.78,1.0,2.9,3.9,4.2,1.8,0.7,0.4,7.5,0.2,108.7,108.4,0.3,0.281,0.044,0.123,0.084,0.447,0.478,0.19,102.34,0.085,2025-26,2026,2.0,0.9000000000000004,0.2999999999999998,2.2,0.3999999999999999,0.29999999999999993,0.10000000000000003,0.023999999999999994,-0.026000000000000023,,False,,,,,,
1631247,Luke Travers,CLE,24.0,12,8.6,0.8,3.0,0.25,0.1,1.3,0.063,0.8,0.8,1.0,0.8,1.3,2.0,0.8,0.3,0.6,0.3,2.3,-2.7,97.3,110.5,-13.2,0.123,0.069,0.133,0.098,0.264,0.35,0.161,105.69,0.071,2025-26,2026,1.2999999999999998,1.2999999999999998,0.30000000000000004,0.10000000000000009,0.1,0.5,0.19999999999999998,0.028999999999999998,0.063,,False,,,,,,
1631248,Baylor Scheierman,BOS,25.0,77,18.6,2.0,4.3,0.453,1.3,3.2,0.399,0.4,0.4,0.903,0.7,2.8,3.5,1.5,0.6,0.5,0.1,5.5,2.6,116.3,109.0,7.3,0.108,0.038,0.138,0.089,0.599,0.616,0.117,96.77,0.085,2025-26,2026,6.200000000000001,1.9,1.4,0.3999999999999999,0.5,0.0,0.0,-0.02599999999999998,0.126,,False,,,,,,
1631250,Pete Nance,MIL,26.0,47,15.7,2.1,4.1,0.515,1.1,2.5,0.42,0.1,0.2,0.364,0.6,2.1,2.7,1.0,0.6,0.3,0.3,5.4,-1.7,112.2,117.4,-5.2,0.092,0.038,0.135,0.086,0.644,0.639,0.132,97.81,0.078,2025-26,2026,5.1,2.5000000000000004,1.1,0.19999999999999996,0.40000000000000013,0.09999999999999998,0.09999999999999998,0.016,0.061000000000000054,,False,,,,,,
1631255,Karlo Matković,NOP,25.0,62,14.7,2.3,3.8,0.604,0.6,1.5,0.422,0.5,0.7,0.732,1.2,2.5,3.7,0.8,0.5,0.4,0.9,5.7,-1.5,107.2,111.6,-4.4,0.079,0.074,0.155,0.115,0.685,0.696,0.128,102.42,0.108,2025-26,2026,-4.100000000000001,-2.0,-1.2999999999999998,-0.30000000000000004,0.09999999999999998,-0.09999999999999998,-0.09999999999999998,-0.026999999999999996,0.05699999999999994,,False,,,,,,
1631260,AJ Green,MIL,26.0,78,29.1,3.4,7.9,0.424,3.0,7.1,0.419,0.7,0.8,0.855,0.4,2.4,2.7,1.9,1.0,0.5,0.1,10.4,-1.9,113.1,116.7,-3.6,0.09,0.013,0.08,0.046,0.612,0.627,0.135,99.28,0.058,2025-26,2026,6.400000000000002,3.0,0.30000000000000027,0.3999999999999999,0.8999999999999999,0.0,0.0,0.01200000000000001,0.006000000000000005,,False,,,,,,
1631288,Jamal Cain,ORL,27.0,40,12.1,1.9,3.8,0.487,0.7,1.8,0.384,1.0,1.2,0.848,0.7,1.3,2.0,0.7,0.5,0.3,0.1,5.4,1.1,118.0,113.5,4.5,0.085,0.055,0.109,0.08,0.579,0.624,0.159,100.94,0.081,2025-26,2026,-1.5,0.10000000000000053,-0.2999999999999998,0.09999999999999998,0.0,-0.3,-0.1,-0.008000000000000007,0.07999999999999996,,False,,,,,,
1631321,Sidy Cissoko,POR,22.0,75,19.1,1.8,4.5,0.398,0.8,2.6,0.298,0.8,1.2,0.659,0.8,1.4,2.2,1.5,0.9,0.7,0.3,5.1,-0.8,109.2,110.9,-1.7,0.107,0.041,0.071,0.056,0.487,0.514,0.123,102.55,0.036,2025-26,2026,13.900000000000002,3.5999999999999996,1.2000000000000002,0.8,0.7000000000000001,0.6,0.3,-0.033,0.04300000000000004,,False,,,,,,
1631323,Simone Fontecchio,MIA,30.0,70,16.7,2.8,6.7,0.412,1.8,4.7,0.375,1.2,1.5,0.843,0.8,2.2,3.0,1.4,0.7,0.5,0.1,8.5,1.3,113.8,110.5,3.3,0.121,0.042,0.118,0.08,0.542,0.579,0.184,105.28,0.09,2025-26,2026,0.1999999999999993,2.5999999999999996,0.10000000000000009,0.4999999999999999,0.8,0.09999999999999998,-0.1,0.032,0.03499999999999992,,False,,,,,,
1631338,Mouhamadou Gueye,CHI,27.0,2,22.7,3.0,5.5,0.545,0.5,2.5,0.2,1.5,2.0,0.75,1.0,2.0,3.0,3.0,1.5,1.0,0.5,8.0,-8.0,112.0,129.3,-17.3,0.162,0.039,0.078,0.059,0.591,0.627,0.138,105.1,0.073,2025-26,2026,0.0,0.0,0.0,0.0,0.0,0.0,0.0,0.0,0.0,,False,,,,,,
1631342,Daeqwon Plowden,SAC,27.0,32,26.4,3.8,8.7,0.43,1.9,5.8,0.333,1.3,1.5,0.857,1.0,2.0,3.0,1.3,0.8,0.7,0.2,10.8,-6.4,111.2,122.1,-10.9,0.065,0.037,0.08,0.057,0.541,0.572,0.157,100.96,0.057,2025-26,2026,14.499999999999998,3.6000000000000005,1.2,1.0,0.3999999999999999,0.7,0.2,-0.023999999999999994,-0.259,,False,,,,,,
1631351,Lucas Williamson,MEM,27.0,7,32.0,3.6,10.7,0.333,2.1,7.6,0.283,1.1,1.1,1.0,1.6,3.9,5.4,2.6,1.4,1.6,0.1,10.4,-17.9,105.2,129.7,-24.5,0.108,0.042,0.127,0.08,0.433,0.465,0.159,107.27,0.044,2025-26,2026,0.0,0.0,0.0,0.0,0.0,0.0,0.0,0.0,0.0,,False,,,,,,
1631451,Javonte Cooke,POR,26.0,19,4.9,0.5,2.2,0.22,0.2,1.2,0.13,0.1,0.1,1.0,0.2,0.8,1.0,0.4,0.5,0.3,0.0,1.2,-3.1,74.3,102.9,-28.6,0.127,0.033,0.163,0.089,0.256,0.275,0.205,107.36,0.019,2025-26,2026,0.0,0.0,0.0,0.0,0.0,0.0,0.0,0.0,0.0,,False,,,,,,
1631457,Alex Morales,ORL,28.0,4,5.9,0.8,1.8,0.429,0.0,0.3,0.0,0.5,0.5,1.0,0.3,0.5,0.8,1.0,1.0,0.0,0.0,2.0,2.0,120.4,104.1,16.3,0.19,0.043,0.111,0.073,0.429,0.508,0.203,99.73,-0.006,2025-26,2026,0.0,0.0,0.0,0.0,0.0,0.0,0.0,0.0,0.0,,False,,,,,,
1631466,Nate Williams,GSW,27.0,14,17.1,3.1,6.3,0.489,0.9,2.1,0.433,0.9,1.1,0.867,1.4,0.7,2.1,1.0,1.1,0.4,0.0,8.0,-5.6,112.2,127.3,-15.1,0.083,0.079,0.046,0.064,0.563,0.592,0.192,98.94,0.056,2025-26,2026,9.8,4.7,1.4000000000000001,0.5,0.6000000000000001,0.0,-0.2,-0.01999999999999999,0.09599999999999997,,False,,,,,,
1641705,Victor Wembanyama,SAS,22.0,64,29.2,8.6,16.9,0.512,1.9,5.5,0.349,5.8,7.0,0.827,2.0,9.5,11.5,3.1,2.4,1.0,3.1,25.0,10.7,120.5,103.6,17.0,0.17,0.071,0.285,0.186,0.569,0.626,0.316,102.23,0.209,2025-26,2026,-4.0000000000000036,0.6999999999999993,0.5,-0.6000000000000001,-1.2000000000000002,-0.10000000000000009,-0.6999999999999997,0.016000000000000014,0.03200000000000003,,False,,,,,,
1641706,Brandon Miller,CHA,23.0,65,30.3,7.0,16.1,0.435,3.1,8.2,0.383,3.1,3.4,0.892,1.1,3.8,4.9,3.3,2.5,1.0,0.7,20.2,5.7,119.8,111.3,8.5,0.173,0.034,0.122,0.078,0.533,0.574,0.272,98.44,0.113,2025-26,2026,-3.900000000000002,-0.8000000000000007,0.0,-0.30000000000000027,-0.7999999999999998,-0.10000000000000009,0.0,0.0020000000000000018,0.03399999999999992,,False,,,,,,
1641707,Taylor Hendricks,MEM,22.0,59,19.0,2.8,6.0,0.459,1.1,3.1,0.342,0.8,1.2,0.681,1.1,2.6,3.7,0.9,0.8,0.8,0.5,7.4,-4.4,108.4,119.1,-10.7,0.07,0.054,0.141,0.096,0.548,0.566,0.157,103.17,0.077,2025-26,2026,-5.800000000000001,2.7,-1.2999999999999998,0.20000000000000007,0.10000000000000009,-0.8999999999999999,-0.8,0.044,0.21199999999999997,,False,,,,,,
1641708,Amen Thompson,HOU,23.0,79,37.4,7.1,13.2,0.534,0.3,1.5,0.216,3.8,4.9,0.779,3.0,4.8,7.8,5.3,2.4,1.5,0.6,18.3,4.7,117.0,110.4,6.6,0.202,0.078,0.123,0.101,0.545,0.594,0.195,98.4,0.128,2025-26,2026,5.100000000000001,4.200000000000001,-0.39999999999999947,1.5,-0.10000000000000003,0.10000000000000009,-0.7000000000000001,0.02300000000000002,-0.008000000000000007,,False,,,,,,
1641709,Ausar Thompson,DET,23.0,73,26.0,4.2,7.9,0.525,0.1,0.3,0.25,1.5,2.6,0.571,2.1,3.7,5.7,3.1,1.5,2.0,0.9,9.9,5.4,118.8,107.2,11.6,0.155,0.08,0.135,0.108,0.53,0.545,0.168,100.86,0.101,2025-26,2026,3.5,-0.1999999999999993,0.6000000000000005,0.8000000000000003,-0.1,0.30000000000000004,0.20000000000000007,-0.016999999999999987,-0.02299999999999991,,False,,,,,,
1641710,Anthony Black,ORL,22.0,64,29.8,5.4,12.1,0.447,1.6,4.7,0.333,2.6,3.6,0.732,0.7,3.1,3.8,3.7,2.1,1.4,0.7,15.0,-0.2,113.3,113.1,0.2,0.185,0.024,0.101,0.062,0.512,0.549,0.219,101.05,0.09,2025-26,2026,5.600000000000001,5.6,0.8999999999999999,0.6000000000000001,0.8,0.2999999999999998,0.09999999999999998,0.028999999999999998,0.028000000000000025,,False,,,,,,
1641711,Gradey Dick,TOR,22.0,76,14.0,2.1,5.1,0.419,0.7,2.4,0.301,1.0,1.2,0.875,0.6,1.4,1.9,0.7,0.6,0.6,0.1,6.0,1.6,110.8,106.7,4.1,0.066,0.038,0.095,0.066,0.492,0.538,0.176,103.25,0.07,2025-26,2026,-15.399999999999999,-8.4,-1.7000000000000002,-1.1,-1.4000000000000001,-0.30000000000000004,-0.1,-0.033,-0.0050000000000000044,,False,,,,,,
1641712,Rayan Rupert,MEM,22.0,64,16.8,1.9,4.9,0.393,0.7,2.1,0.324,0.7,0.8,0.778,0.8,2.2,2.9,1.1,0.9,0.9,0.1,5.2,-5.0,103.5,117.0,-13.6,0.093,0.04,0.129,0.082,0.463,0.493,0.148,103.02,0.055,2025-26,2026,8.0,2.2,1.5999999999999999,0.6000000000000001,0.39999999999999997,0.6000000000000001,0.0,-0.008000000000000007,-0.006000000000000005,,False,,,,,,
1641713,GG Jackson,MEM,21.0,55,21.4,4.6,9.3,0.496,1.2,3.5,0.332,2.0,2.7,0.742,0.9,3.4,4.3,1.5,1.5,0.6,0.8,12.5,-1.5,114.0,117.5,-3.5,0.103,0.04,0.154,0.097,0.558,0.591,0.23,102.85,0.108,2025-26,2026,5.599999999999998,5.3,1.0999999999999996,0.5,0.09999999999999987,0.19999999999999996,0.6000000000000001,0.01100000000000001,0.10899999999999999,,False,,,,,,
1641715,Cam Whitmore,WAS,21.0,21,16.9,3.7,8.0,0.456,0.8,2.7,0.286,1.1,1.5,0.742,0.9,1.9,2.8,0.7,0.9,0.7,0.4,9.2,-7.2,104.4,124.0,-19.6,0.067,0.049,0.102,0.075,0.503,0.528,0.225,105.84,0.082,2025-26,2026,0.6999999999999993,-0.20000000000000107,-0.20000000000000018,-0.30000000000000004,-0.5,0.09999999999999998,0.10000000000000003,-0.006000000000000005,-0.02100000000000002,,False,,,,,,
1641716,Jarace Walker,IND,22.0,76,25.7,4.0,9.6,0.419,1.8,4.7,0.374,1.8,2.4,0.749,0.6,4.5,5.1,2.5,1.8,0.8,0.3,11.6,-6.0,106.5,117.6,-11.1,0.143,0.023,0.17,0.095,0.51,0.543,0.2,104.46,0.09,2025-26,2026,9.899999999999999,5.5,1.9999999999999996,1.0,0.8,0.10000000000000009,0.0,0.035,-0.04699999999999993,,False,,,,,,
1641717,Cason Wallace,OKC,22.0,77,26.6,3.3,7.6,0.432,1.3,3.7,0.351,0.7,0.9,0.809,0.8,2.3,3.1,2.6,0.9,1.9,0.4,8.6,6.9,116.2,103.8,12.4,0.127,0.031,0.079,0.056,0.518,0.538,0.141,101.76,0.076,2025-26,2026,-1.0,0.1999999999999993,-0.2999999999999998,0.10000000000000009,0.19999999999999996,0.09999999999999987,-0.09999999999999998,0.016999999999999987,-0.02400000000000002,,False,,,,,,
1641718,Keyonte George,UTA,22.0,54,33.1,7.4,16.3,0.456,2.5,6.7,0.371,6.2,7.0,0.892,0.4,3.3,3.7,6.1,3.1,1.1,0.3,23.6,-6.2,115.1,123.6,-8.6,0.286,0.012,0.096,0.054,0.532,0.609,0.275,103.25,0.122,2025-26,2026,1.6000000000000014,6.800000000000001,-0.09999999999999964,0.5,-0.10000000000000009,0.40000000000000013,0.19999999999999998,0.038000000000000034,0.06999999999999995,,False,,,,,,
1641722,Jordan Hawkins,NOP,24.0,51,13.6,1.8,5.0,0.366,0.9,2.6,0.348,0.5,0.5,0.852,0.4,1.3,1.7,0.8,0.7,0.3,0.2,5.1,-2.6,107.0,116.8,-9.8,0.086,0.026,0.089,0.058,0.457,0.48,0.175,103.84,0.055,2025-26,2026,-10.000000000000002,-5.700000000000001,-1.0999999999999999,-0.3999999999999999,-1.1,-0.2,-0.2,-0.028999999999999998,-0.02400000000000002,,False,,,,,,
1641723,Kobe Bufkin,LAL,22.0,16,7.5,0.9,3.1,0.3,0.3,1.6,0.192,0.7,0.8,0.917,0.1,0.8,0.8,0.6,0.3,0.1,0.2,2.9,-4.3,97.7,127.9,-30.2,0.128,0.008,0.102,0.055,0.35,0.416,0.219,102.44,0.038,2025-26,2026,-4.9,-2.4,-1.3,-1.1,-0.10000000000000003,-0.19999999999999998,0.0,0.015999999999999986,-0.067,,False,,,,,,
1641724,Jett Howard,ORL,22.0,55,12.6,1.9,4.6,0.418,1.0,2.6,0.372,0.7,0.7,0.949,0.4,1.2,1.6,0.8,0.3,0.2,0.2,5.5,-1.3,112.6,118.1,-5.5,0.095,0.03,0.096,0.06,0.526,0.561,0.166,100.55,0.07,2025-26,2026,0.9000000000000004,1.0,0.40000000000000013,0.10000000000000009,0.09999999999999998,0.0,0.0,-0.014999999999999986,0.07000000000000006,,False,,,,,,
1641725,Trey Alexander,NOP,23.0,9,12.3,2.1,4.1,0.514,0.7,1.3,0.5,0.3,0.6,0.6,0.1,1.1,1.2,1.0,0.3,0.7,0.2,5.2,-2.0,112.0,119.0,-7.0,0.107,0.008,0.083,0.045,0.595,0.599,0.148,104.77,0.078,2025-26,2026,7.4,3.9000000000000004,0.7,0.5,0.6,0.6,0.2,-0.017000000000000015,0.22499999999999998,,False,,,,,,
1641726,Dereck Lively II,DAL,22.0,7,16.5,1.6,2.6,0.611,0.0,0.0,0.0,1.1,1.4,0.8,2.0,3.3,5.3,1.9,1.4,0.6,1.6,4.3,2.0,108.6,102.3,6.3,0.153,0.117,0.183,0.15,0.611,0.67,0.113,107.02,0.094,2025-26,2026,-6.600000000000001,-4.3999999999999995,-2.2,-0.5,0.0,0.0,0.0,-0.019000000000000003,-0.03399999999999992,,False,,,,,,
1641727,Dariq Whitehead,MEM,21.0,6,30.5,6.2,15.5,0.398,3.2,10.0,0.317,0.8,1.2,0.714,0.3,3.7,4.0,1.5,1.7,0.7,0.0,16.3,-16.5,102.5,126.5,-24.1,0.078,0.009,0.12,0.059,0.5,0.51,0.231,106.73,0.062,2025-26,2026,18.2,10.600000000000001,2.5,0.9,1.5000000000000002,0.39999999999999997,-0.1,0.04200000000000001,-0.06999999999999995,,False,,,,,,
1641729,Brice Sensabaugh,UTA,22.0,75,23.5,5.3,11.4,0.46,2.2,5.9,0.367,2.2,2.7,0.826,0.7,2.3,3.1,1.9,1.7,0.7,0.2,14.9,-5.1,111.4,120.8,-9.4,0.124,0.03,0.097,0.063,0.554,0.59,0.244,105.02,0.09,2025-26,2026,3.3000000000000007,4.0,0.10000000000000009,0.3999999999999999,0.0,0.09999999999999998,0.1,0.036000000000000004,-0.02200000000000002,,False,,,,,,
1641730,Noah Clowney,BKN,21.0,66,27.0,3.8,9.6,0.396,2.0,5.9,0.329,2.7,3.4,0.804,0.8,3.3,4.1,1.6,1.5,0.8,0.7,12.3,-5.0,109.7,118.3,-8.7,0.095,0.029,0.128,0.077,0.498,0.554,0.202,98.49,0.072,2025-26,2026,4.300000000000001,3.200000000000001,0.19999999999999973,0.7000000000000001,0.10000000000000009,0.30000000000000004,0.19999999999999996,0.017000000000000015,0.038000000000000034,,False,,,,,,
1641731,Bilal Coulibaly,WAS,21.0,56,26.2,4.1,9.7,0.425,1.2,3.6,0.319,2.4,3.2,0.746,0.9,3.5,4.3,2.6,1.4,1.3,1.0,11.7,-7.4,108.5,121.2,-12.8,0.137,0.03,0.128,0.077,0.485,0.531,0.193,104.43,0.082,2025-26,2026,-6.800000000000001,-0.6000000000000014,-0.7000000000000002,-0.7999999999999998,0.09999999999999987,0.0,0.30000000000000004,0.018000000000000016,0.016000000000000014,,False,,,,,,
1641732,Colby Jones,DET,24.0,1,6.8,1.0,3.0,0.333,0.0,2.0,0.0,0.0,0.0,0.0,0.0,4.0,4.0,2.0,0.0,0.0,0.0,2.0,12.0,133.3,53.3,80.0,0.333,0.0,0.4,0.222,0.333,0.333,0.158,105.62,0.256,2025-26,2026,-6.3999999999999995,-2.0,1.7999999999999998,0.8999999999999999,-0.4,-0.7,-0.3,0.01999999999999999,-0.21100000000000002,,False,,,,,,
1641733,Nick Smith Jr.,LAL,22.0,30,12.5,2.3,5.4,0.435,1.1,2.9,0.395,0.4,0.5,0.733,0.1,0.7,0.8,1.0,0.7,0.3,0.1,6.2,-0.1,110.6,111.7,-1.1,0.127,0.009,0.054,0.032,0.54,0.552,0.212,101.35,0.067,2025-26,2026,-10.3,-3.7,-1.3,-1.4,-0.5999999999999999,0.0,0.0,0.007000000000000006,0.050000000000000044,,False,,,,,,
1641737,Adem Bona,PHI,23.0,71,17.4,1.8,3.1,0.595,0.0,0.1,0.333,1.1,1.6,0.708,1.8,2.5,4.3,0.5,0.8,0.4,1.2,4.8,-0.1,113.1,112.9,0.3,0.034,0.099,0.138,0.119,0.6,0.638,0.108,102.35,0.069,2025-26,2026,1.799999999999999,-1.0,0.09999999999999964,0.0,0.0,0.0,0.0,-0.02700000000000001,-0.07599999999999996,,False,,,,,,
1641738,Kobe Brown,IND,26.0,61,15.8,2.1,4.4,0.469,0.9,2.3,0.374,0.8,1.0,0.797,1.1,1.9,3.0,1.3,0.9,0.4,0.2,5.8,-3.6,108.4,119.0,-10.5,0.123,0.072,0.119,0.096,0.565,0.594,0.154,100.6,0.078,2025-26,2026,9.0,3.9,1.4,0.7000000000000001,0.7,0.2,0.1,0.01999999999999999,0.08099999999999996,,False,,,,,,
1641739,Toumani Camara,POR,26.0,82,33.3,4.8,10.9,0.44,2.7,7.2,0.37,1.2,1.7,0.708,1.6,3.6,5.1,2.5,1.8,1.1,0.4,13.4,0.4,114.3,113.0,1.3,0.103,0.043,0.103,0.072,0.563,0.578,0.16,102.27,0.073,2025-26,2026,0.5999999999999943,2.0999999999999996,-0.7000000000000002,0.2999999999999998,1.0000000000000002,-0.3999999999999999,-0.19999999999999996,0.017000000000000015,0.006000000000000005,,False,,,,,,
1641740,Jaylen Clark,MIN,24.0,68,13.1,1.5,3.4,0.434,0.5,1.5,0.327,0.6,1.0,0.657,0.8,1.0,1.8,0.6,0.3,0.7,0.1,4.0,1.1,113.0,108.9,4.1,0.064,0.056,0.069,0.062,0.507,0.534,0.126,103.47,0.054,2025-26,2026,0.09999999999999964,-0.09999999999999964,0.5,-0.09999999999999998,-0.09999999999999998,-0.20000000000000007,0.0,0.010999999999999996,-0.06399999999999995,,False,,,,,,
1641744,Zach Edey,MEM,24.0,11,25.8,5.6,8.9,0.633,0.1,0.5,0.2,2.3,2.9,0.781,3.9,7.2,11.1,1.1,2.4,0.6,1.9,13.6,10.3,112.8,94.5,18.3,0.061,0.148,0.243,0.198,0.638,0.669,0.2,101.72,0.157,2025-26,2026,4.300000000000001,4.4,2.799999999999999,0.10000000000000009,-0.19999999999999998,0.09999999999999998,0.5999999999999999,0.04400000000000001,0.04500000000000004,,False,,,,,,
1641747,DaRon Holmes II,DEN,23.0,25,8.4,1.2,2.4,0.508,0.8,1.8,0.444,0.4,0.6,0.786,0.3,1.1,1.4,0.6,0.5,0.0,0.2,3.7,-0.6,107.9,110.9,-3.0,0.125,0.04,0.113,0.08,0.672,0.692,0.171,96.57,0.095,2025-26,2026,0.0,0.0,0.0,0.0,0.0,0.0,0.0,0.0,0.0,,False,,,,,,
1641748,Andre Jackson Jr.,MIL,24.0,48,8.5,0.8,2.5,0.328,0.3,1.3,0.25,0.4,0.7,0.625,0.5,1.0,1.5,0.9,0.6,0.4,0.1,2.4,-1.5,103.2,110.6,-7.5,0.16,0.059,0.126,0.09,0.391,0.425,0.17,100.27,0.044,2025-26,2026,-6.1,-1.0,-1.2000000000000002,-0.29999999999999993,-0.10000000000000003,-0.09999999999999998,-0.1,0.05500000000000001,-0.12900000000000006,,False,,,,,,
1641750,Ryan Kalkbrenner,CHA,24.0,69,21.4,3.2,4.2,0.753,0.0,0.1,0.0,1.2,1.7,0.716,2.4,3.0,5.5,0.8,0.9,0.5,1.5,7.6,0.7,112.3,111.2,1.1,0.053,0.109,0.133,0.121,0.753,0.762,0.113,100.4,0.108,2025-26,2026,0.0,0.0,0.0,0.0,0.0,0.0,0.0,0.0,0.0,,False,,,,,,
1641752,Bobi Klintman,DET,23.0,12,5.9,0.8,2.3,0.333,0.3,1.1,0.308,0.0,0.3,0.0,0.4,1.2,1.6,0.5,0.5,0.3,0.0,1.8,-0.4,92.5,96.8,-4.3,0.128,0.056,0.179,0.113,0.407,0.388,0.18,106.92,0.039,2025-26,2026,0.6000000000000005,-0.09999999999999987,0.7000000000000001,-0.4,0.0,0.0,-0.1,0.059,-0.30099999999999993,,False,,,,,,
1641753,Chris Livingston,CLE,22.0,3,5.8,1.3,2.3,0.571,0.0,1.0,0.0,0.3,0.3,1.0,0.0,1.0,1.0,0.3,0.0,0.3,0.0,3.0,2.7,113.9,86.8,27.0,0.091,0.0,0.176,0.1,0.571,0.605,0.189,101.91,0.104,2025-26,2026,0.7999999999999998,1.6,-0.7,0.09999999999999998,0.0,0.09999999999999998,0.0,0.03900000000000001,0.16399999999999998,,False,,,,,,
1641755,Kevin McCullar Jr.,NYK,25.0,21,7.4,1.0,2.2,0.426,0.4,1.1,0.333,0.1,0.2,0.4,0.5,0.8,1.3,1.0,0.6,0.4,0.0,2.4,-2.3,98.8,110.9,-12.1,0.208,0.065,0.099,0.082,0.511,0.508,0.166,101.27,0.062,2025-26,2026,0.10000000000000053,0.8999999999999999,-0.7,0.5,0.4,0.10000000000000003,-0.3,0.048000000000000015,0.127,,False,,,,,,
1641757,Jordan Miller,LAC,26.0,60,22.1,3.5,6.7,0.531,0.6,1.8,0.345,2.3,2.9,0.777,0.8,2.2,3.0,2.3,1.1,0.8,0.2,10.0,-0.2,114.3,114.7,-0.4,0.157,0.041,0.097,0.071,0.579,0.628,0.177,98.57,0.106,2025-26,2026,10.700000000000001,5.9,1.4,1.4,0.39999999999999997,0.30000000000000004,0.1,0.0020000000000000018,0.119,,False,,,,,,
1641761,Grant Nelson,BKN,24.0,4,8.8,1.3,2.3,0.556,0.0,0.0,0.0,1.8,2.5,0.7,0.3,1.3,1.5,1.3,1.0,0.3,1.3,4.3,-1.8,112.7,122.5,-9.9,0.217,0.029,0.167,0.094,0.556,0.634,0.222,97.34,0.1,2025-26,2026,0.0,0.0,0.0,0.0,0.0,0.0,0.0,0.0,0.0,,False,,,,,,
1641763,Julian Phillips,MIN,22.0,48,8.9,1.1,2.5,0.421,0.4,1.4,0.308,0.4,0.5,0.783,0.5,0.5,1.0,0.2,0.2,0.5,0.1,2.9,-0.5,107.7,110.7,-2.9,0.032,0.053,0.054,0.053,0.504,0.534,0.134,105.72,0.046,2025-26,2026,-5.299999999999999,-1.6999999999999997,-1.1,-0.3,-0.19999999999999996,0.0,-0.19999999999999998,0.008000000000000007,-0.03699999999999992,,False,,,,,,
1641764,Brandin Podziemski,GSW,23.0,82,28.4,4.8,10.6,0.455,1.9,5.0,0.371,2.3,2.9,0.797,0.9,4.2,5.1,3.7,1.6,1.1,0.2,13.8,0.2,110.3,110.4,-0.1,0.198,0.029,0.147,0.087,0.543,0.583,0.196,101.31,0.114,2025-26,2026,1.5999999999999979,2.1000000000000014,0.0,0.30000000000000027,0.09999999999999987,0.0,0.0,0.019000000000000017,0.025999999999999912,,False,,,,,,
1641765,Olivier-Maxence Prosper,MEM,23.0,53,18.6,3.6,6.6,0.549,1.1,2.8,0.405,1.6,2.2,0.754,1.1,2.4,3.5,1.0,0.9,0.8,0.2,10.0,-3.9,110.7,120.4,-9.7,0.077,0.057,0.127,0.091,0.634,0.662,0.183,104.7,0.103,2025-26,2026,7.400000000000002,6.1,1.1,0.19999999999999996,0.9000000000000001,0.30000000000000004,0.1,0.024999999999999994,0.17800000000000005,,False,,,,,,
1641767,Ben Sheppard,IND,24.0,65,21.4,2.6,6.0,0.434,1.3,3.6,0.362,0.6,0.8,0.765,0.7,2.3,3.0,1.8,0.6,0.6,0.1,7.1,-4.1,107.1,116.0,-8.8,0.112,0.028,0.106,0.065,0.543,0.561,0.131,104.23,0.066,2025-26,2026,1.8999999999999986,1.7999999999999998,0.20000000000000018,0.5,0.19999999999999996,0.0,-0.1,0.023000000000000007,0.006000000000000005,,False,,,,,,
1641771,Jalen Slawson,IND,26.0,13,23.9,2.6,5.9,0.442,1.2,3.1,0.375,0.9,1.3,0.706,0.5,3.8,4.4,2.8,1.3,1.5,1.1,7.3,-2.0,106.8,111.1,-4.3,0.167,0.022,0.148,0.086,0.539,0.562,0.136,101.39,0.09,2025-26,2026,0.0,0.0,0.0,0.0,0.0,0.0,0.0,0.0,0.0,,False,,,,,,
1641772,Nae'Qwan Tomlin,CLE,25.0,64,15.7,2.3,4.9,0.478,0.4,1.8,0.235,0.7,1.0,0.77,1.3,1.6,2.9,0.8,0.5,0.6,0.5,5.8,0.9,114.3,110.7,3.6,0.071,0.081,0.094,0.088,0.521,0.549,0.151,101.75,0.069,2025-26,2026,3.0,-1.4000000000000004,-1.3000000000000003,0.4,0.0,0.6,0.3,-0.07900000000000001,0.06000000000000005,,False,,,,,,
1641774,Tristan Vukcevic,WAS,23.0,49,13.7,3.1,6.5,0.479,1.0,2.9,0.347,1.8,2.3,0.784,0.7,2.3,3.0,1.1,1.3,0.5,0.7,9.0,-4.6,103.5,118.5,-15.1,0.133,0.046,0.162,0.104,0.558,0.603,0.259,105.7,0.11,2025-26,2026,-0.9000000000000004,-0.40000000000000036,-0.7000000000000002,0.0,-0.10000000000000009,0.2,0.0,0.007000000000000006,-0.0050000000000000044,,False,,,,,,
1641775,Jordan Walsh,BOS,22.0,68,17.8,2.0,3.9,0.509,0.7,1.8,0.384,0.6,0.8,0.772,1.3,2.8,4.0,0.8,0.5,0.7,0.5,5.4,1.4,117.9,112.8,5.1,0.059,0.069,0.146,0.108,0.599,0.623,0.114,95.8,0.08,2025-26,2026,10.0,3.8000000000000003,2.7,0.4,0.39999999999999997,0.49999999999999994,0.3,0.0040000000000000036,0.15899999999999997,,False,,,,,,
1641778,Leaky Black,WAS,27.0,15,28.9,2.7,6.9,0.388,1.3,3.7,0.345,0.5,0.5,0.875,1.0,4.0,5.0,1.5,0.9,1.2,0.5,7.1,-6.8,109.6,119.5,-9.9,0.064,0.032,0.14,0.084,0.481,0.498,0.113,103.63,0.051,2025-26,2026,0.0,0.0,0.0,0.0,0.0,0.0,0.0,0.0,0.0,,False,,,,,,
1641780,Johni Broome,PHI,23.0,11,5.0,0.4,2.2,0.167,0.0,0.5,0.0,0.2,0.5,0.333,0.6,0.8,1.5,0.4,0.3,0.3,0.2,0.9,-1.6,88.9,102.5,-13.6,0.118,0.109,0.17,0.137,0.167,0.188,0.226,103.43,-0.02,2025-26,2026,0.0,0.0,0.0,0.0,0.0,0.0,0.0,0.0,0.0,,False,,,,,,
1641783,Tristan da Silva,ORL,25.0,77,24.7,3.6,8.1,0.45,1.6,4.2,0.374,1.1,1.2,0.884,0.8,2.9,3.7,1.6,0.9,0.9,0.3,9.9,1.3,113.2,111.6,1.6,0.092,0.03,0.115,0.073,0.547,0.576,0.16,100.96,0.085,2025-26,2026,2.6999999999999993,2.7,0.40000000000000036,0.10000000000000009,0.5,0.5,0.09999999999999998,0.01100000000000001,0.05399999999999994,,False,,,,,,
1641787,Tosan Evbuomwan,CHA,25.0,5,1.5,0.0,0.2,0.0,0.0,0.0,0.0,0.0,0.0,0.0,0.2,0.2,0.4,0.0,0.0,0.0,0.0,0.0,-1.6,50.0,100.0,-50.0,0.0,0.091,0.083,0.087,0.0,0.0,0.048,108.9,-0.043,2025-26,2026,-22.2,-9.5,-3.9,-2.0,-0.9,-0.9,-0.4,-0.135,-0.53,,False,,,,,,
1641790,PJ Hall,CHA,24.0,19,11.2,1.6,3.1,0.508,0.2,0.3,0.6,1.2,1.5,0.793,1.7,2.2,3.9,0.5,0.8,0.2,0.5,4.5,-1.5,108.4,113.9,-5.4,0.077,0.146,0.18,0.163,0.534,0.599,0.17,101.68,0.098,2025-26,2026,7.699999999999999,2.8,2.7,0.3,0.1,0.2,0.3,-0.005999999999999978,-0.04200000000000004,,False,,,,,,
1641794,Dillon Jones,NYK,24.0,7,5.6,0.3,1.3,0.222,0.1,0.7,0.2,0.6,0.6,1.0,0.3,0.7,1.0,0.6,0.0,0.4,0.0,1.3,1.1,114.0,109.8,4.2,0.108,0.05,0.135,0.091,0.278,0.418,0.111,102.37,0.053,2025-26,2026,-4.6,-1.2,-1.2000000000000002,-0.5000000000000001,-0.19999999999999998,0.10000000000000003,-0.1,-0.020000000000000004,-0.04600000000000004,,False,,,,,,
1641796,Pelle Larsson,MIA,25.0,70,26.4,4.0,8.0,0.496,0.9,2.7,0.323,2.6,3.3,0.797,1.0,2.5,3.5,3.4,1.4,0.7,0.2,11.4,1.1,115.7,113.3,2.4,0.163,0.035,0.088,0.062,0.551,0.605,0.165,105.49,0.084,2025-26,2026,12.2,6.800000000000001,1.8,2.2,0.30000000000000004,0.09999999999999998,0.1,0.02400000000000002,0.05899999999999994,,False,,,,,,
1641801,Emanuel Miller,SAS,26.0,5,6.6,1.2,2.6,0.462,0.4,1.2,0.333,0.2,0.4,0.5,0.2,0.4,0.6,0.8,0.0,0.4,0.0,3.0,-3.8,88.9,116.9,-28.0,0.211,0.026,0.083,0.048,0.538,0.54,0.169,103.84,0.093,2025-26,2026,2.5,1.3,-0.7000000000000001,0.5,0.4,0.2,0.0,0.026000000000000023,-0.02299999999999991,,False,,,,,,
1641803,Tristen Newton,HOU,25.0,1,12.0,4.0,9.0,0.444,2.0,5.0,0.4,2.0,3.0,0.667,2.0,1.0,3.0,0.0,0.0,1.0,0.0,12.0,2.0,128.0,120.0,8.0,0.0,0.143,0.077,0.111,0.556,0.581,0.345,100.0,0.149,2025-26,2026,10.0,11.6,2.5,-0.3,2.0,0.9,0.0,0.15999999999999998,0.40299999999999997,,False,,,,,,
1641807,Norchad Omier,LAC,24.0,6,3.9,1.2,1.7,0.7,0.0,0.2,0.0,0.5,0.5,1.0,0.7,0.5,1.2,0.3,0.0,0.2,0.0,2.8,-3.8,92.0,146.8,-54.8,0.182,0.129,0.2,0.152,0.7,0.751,0.18,98.37,0.16,2025-26,2026,0.0,0.0,0.0,0.0,0.0,0.0,0.0,0.0,0.0,,False,,,,,,
1641809,Drew Peterson,CHA,26.0,6,10.7,0.3,2.7,0.125,0.0,2.0,0.0,0.2,0.3,0.5,0.5,1.0,1.5,0.3,0.0,0.5,0.2,0.8,-1.7,103.1,110.7,-7.6,0.044,0.041,0.107,0.069,0.125,0.148,0.108,97.84,0.0,2025-26,2026,3.299999999999999,-1.4000000000000001,-0.10000000000000009,-0.2,-0.5,0.3,0.1,-0.012999999999999998,-0.45299999999999996,,False,,,,,,
1641810,Antonio Reeves,CHA,25.0,10,6.8,1.0,2.0,0.5,0.7,1.3,0.538,0.0,0.0,0.0,0.2,0.6,0.8,0.3,0.1,0.1,0.0,2.7,2.9,115.0,95.4,19.7,0.068,0.029,0.1,0.062,0.675,0.675,0.133,93.27,0.099,2025-26,2026,-8.2,-4.2,-0.5999999999999999,-0.6000000000000001,-0.5,-0.4,-0.1,-0.04999999999999999,0.09600000000000009,,False,,,,,,
1641813,Mark Sears,MIL,24.0,7,3.7,0.9,1.9,0.462,0.6,1.1,0.5,0.9,1.1,0.75,0.1,0.1,0.3,0.3,0.6,0.0,0.0,3.1,1.7,123.2,101.8,21.4,0.125,0.053,0.045,0.049,0.615,0.666,0.344,103.06,0.078,2025-26,2026,0.0,0.0,0.0,0.0,0.0,0.0,0.0,0.0,0.0,,False,,,,,,
1641815,Isaiah Stevens,SAC,25.0,3,14.3,1.0,2.3,0.429,0.0,0.3,0.0,1.3,1.3,1.0,0.7,0.3,1.0,3.3,0.7,1.7,0.0,3.3,-3.0,110.2,123.3,-13.0,0.357,0.043,0.032,0.038,0.429,0.571,0.107,97.61,0.093,2025-26,2026,12.5,3.3,0.30000000000000004,3.3,0.0,1.4,0.0,-0.03599999999999999,0.571,,False,,,,,,
1641816,Hunter Tyson,DEN,26.0,21,7.7,0.7,2.5,0.269,0.3,1.6,0.212,0.5,0.6,0.846,0.2,1.5,1.7,0.8,0.2,0.1,0.0,2.2,-1.1,100.0,107.5,-7.5,0.17,0.024,0.174,0.102,0.337,0.398,0.166,98.58,0.065,2025-26,2026,-0.09999999999999964,-0.3999999999999999,0.19999999999999996,0.4,-0.2,-0.1,-0.1,0.020000000000000018,-0.10799999999999998,,False,,,,,,
1641824,Matas Buzelis,CHI,21.0,77,29.2,5.8,12.5,0.463,2.2,6.4,0.349,2.4,3.1,0.786,1.0,4.8,5.8,2.1,2.1,0.7,1.5,16.3,-4.0,110.6,116.9,-6.3,0.103,0.033,0.152,0.094,0.553,0.586,0.223,104.25,0.097,2025-26,2026,10.3,7.700000000000001,2.3,1.1,1.0000000000000002,0.29999999999999993,0.6,0.04200000000000001,0.015000000000000013,,False,,,,,,
1641842,Ronald Holland II,DET,20.0,78,19.9,3.0,7.0,0.432,0.6,2.5,0.253,1.5,1.9,0.805,1.1,3.0,4.0,1.2,1.2,1.2,0.3,8.2,1.7,110.2,104.5,5.7,0.088,0.052,0.141,0.097,0.478,0.525,0.184,101.85,0.085,2025-26,2026,4.299999999999999,1.799999999999999,1.2999999999999998,0.19999999999999996,0.19999999999999996,0.6,0.09999999999999998,0.007000000000000006,-0.031000000000000028,,False,,,,,,
1641854,Craig Porter Jr.,CLE,26.0,64,17.9,1.8,4.0,0.45,0.5,1.5,0.355,0.4,0.6,0.6,1.3,2.1,3.4,3.2,0.9,0.9,0.6,4.5,1.6,116.2,111.6,4.6,0.225,0.07,0.115,0.092,0.514,0.524,0.119,102.01,0.092,2025-26,2026,7.799999999999999,0.7999999999999998,2.0999999999999996,1.8000000000000003,0.09999999999999998,0.6000000000000001,0.3,-0.036000000000000004,-0.08599999999999997,,False,,,,,,
1641869,Malachi Smith,BKN,26.0,15,23.9,3.2,6.6,0.485,1.3,3.1,0.435,0.5,0.5,1.0,0.8,2.6,3.4,3.3,0.9,0.8,0.3,8.3,-6.0,104.9,118.0,-13.2,0.204,0.032,0.123,0.073,0.586,0.605,0.136,100.6,0.102,2025-26,2026,0.0,0.0,0.0,0.0,0.0,0.0,0.0,0.0,0.0,,False,,,,,,
1641871,Duop Reath,POR,30.0,32,8.1,1.0,2.3,0.446,0.7,1.7,0.418,0.2,0.2,0.833,0.3,0.9,1.2,0.3,0.2,0.2,0.3,2.9,-1.2,103.0,109.4,-6.4,0.059,0.037,0.095,0.067,0.601,0.613,0.13,104.4,0.067,2025-26,2026,-2.0999999999999996,-1.3000000000000003,-0.8,-0.3,0.0,-0.09999999999999998,0.0,-0.032,0.06099999999999994,,False,,,,,,
1641890,Tyler Smith,DAL,21.0,12,13.8,1.8,4.2,0.42,0.8,2.9,0.286,0.3,0.5,0.667,1.0,1.8,2.8,0.4,0.5,0.5,0.0,4.7,-1.8,110.6,114.7,-4.1,0.041,0.059,0.117,0.086,0.52,0.532,0.135,107.55,0.059,2025-26,2026,8.5,1.8000000000000003,1.6999999999999997,0.2,0.20000000000000007,0.4,-0.2,-0.06999999999999998,-0.09399999999999997,,False,,,,,,
1641989,Elijah Harkless,UTA,26.0,26,21.0,2.1,6.2,0.335,0.8,3.4,0.239,1.9,2.5,0.766,0.4,1.7,2.0,2.9,1.0,1.2,0.2,6.8,-1.3,113.5,116.0,-2.5,0.177,0.018,0.077,0.047,0.401,0.471,0.162,103.83,0.055,2025-26,2026,7.199999999999999,3.5999999999999996,-0.10000000000000009,2.0999999999999996,0.10000000000000009,0.19999999999999996,0.1,0.04200000000000001,0.045999999999999985,,False,,,,,,
1641998,Trey Jemison III,NYK,26.0,13,6.3,0.5,0.8,0.6,0.0,0.0,0.0,0.1,0.1,1.0,0.6,0.8,1.4,0.4,0.8,0.1,0.2,1.0,-2.2,96.1,112.9,-16.8,0.088,0.086,0.118,0.101,0.6,0.623,0.099,105.02,0.027,2025-26,2026,-4.000000000000001,-1.5,-1.4,0.0,0.0,-0.1,-0.2,-0.021999999999999992,0.08599999999999997,,False,,,,,,
1642066,Myron Gardner,MIA,25.0,45,9.1,1.3,2.7,0.48,0.6,1.4,0.406,0.4,0.6,0.731,0.9,1.8,2.7,1.0,0.4,0.4,0.2,3.6,1.7,114.7,106.3,8.4,0.143,0.079,0.193,0.132,0.585,0.606,0.139,107.28,0.093,2025-26,2026,0.0,0.0,0.0,0.0,0.0,0.0,0.0,0.0,0.0,,False,,,,,,
1642258,Zaccharie Risacher,ATL,21.0,67,22.4,3.6,8.0,0.455,1.4,3.9,0.368,0.9,1.3,0.644,1.1,2.8,3.8,1.1,0.9,0.9,0.5,9.6,-0.2,112.8,112.6,0.2,0.068,0.044,0.121,0.081,0.544,0.557,0.168,105.34,0.07,2025-26,2026,-2.200000000000003,-3.0,0.19999999999999973,-0.09999999999999987,-0.20000000000000018,0.20000000000000007,0.0,-0.035,-0.0010000000000000009,,False,,,,,,
1642259,Alex Sarr,WAS,21.0,48,27.2,6.6,13.7,0.482,1.0,3.1,0.333,2.1,3.0,0.692,2.2,5.2,7.4,2.7,1.7,0.8,2.0,16.3,-7.3,108.0,120.4,-12.4,0.161,0.073,0.179,0.126,0.52,0.544,0.252,103.35,0.121,2025-26,2026,0.09999999999999787,3.3000000000000007,0.9000000000000004,0.30000000000000027,-0.6000000000000001,0.10000000000000009,0.5,0.021999999999999992,0.062000000000000055,,False,,,,,,
1642260,Nikola Topić,OKC,20.0,10,16.0,2.2,5.1,0.431,0.6,1.5,0.4,0.2,0.5,0.4,0.7,1.2,1.9,4.4,2.5,0.5,0.0,5.2,-4.2,107.2,120.8,-13.7,0.383,0.041,0.075,0.058,0.49,0.489,0.204,99.7,0.063,2025-26,2026,0.0,0.0,0.0,0.0,0.0,0.0,0.0,0.0,0.0,,False,,,,,,
1642261,Dalton Knecht,LAL,25.0,54,10.2,1.6,3.5,0.455,0.7,2.1,0.342,0.3,0.4,0.727,0.3,1.1,1.4,0.4,0.4,0.2,0.2,4.2,-1.5,105.2,113.7,-8.5,0.059,0.026,0.108,0.068,0.555,0.568,0.171,100.57,0.069,2025-26,2026,-9.0,-4.8999999999999995,-1.4,-0.4,-0.9000000000000001,-0.09999999999999998,0.1,-0.009999999999999981,-0.026000000000000023,,False,,,,,,
1642262,Cody Williams,UTA,21.0,67,24.3,3.6,7.6,0.468,0.4,2.0,0.214,1.3,1.8,0.706,0.9,2.0,3.0,2.0,1.1,0.8,0.4,8.8,-5.9,110.9,121.4,-10.6,0.111,0.036,0.084,0.059,0.495,0.524,0.159,105.04,0.057,2025-26,2026,3.1000000000000014,4.200000000000001,0.7000000000000002,0.8,-0.29999999999999993,0.30000000000000004,0.10000000000000003,0.037000000000000005,0.10500000000000004,,False,,,,,,
1642263,Reed Sheppard,HOU,22.0,82,26.2,5.0,11.5,0.43,2.8,7.0,0.394,0.8,1.0,0.802,0.3,2.6,2.9,3.4,1.5,1.5,0.7,13.5,3.4,115.9,111.6,4.3,0.183,0.012,0.092,0.053,0.55,0.564,0.21,98.73,0.102,2025-26,2026,13.6,9.1,1.4,2.0,1.9,0.8,0.39999999999999997,0.03899999999999998,0.09899999999999992,,False,,,,,,
1642264,Stephon Castle,SAS,21.0,68,30.0,5.7,12.0,0.471,1.2,3.6,0.332,4.1,5.6,0.734,1.4,3.9,5.3,7.4,3.2,1.1,0.3,16.7,6.0,118.2,108.4,9.8,0.344,0.047,0.119,0.084,0.521,0.575,0.243,102.28,0.117,2025-26,2026,3.3000000000000007,2.0,1.5999999999999996,3.3000000000000007,0.0,0.20000000000000007,0.0,-0.010000000000000009,0.052999999999999936,,False,,,,,,
1642265,Rob Dillingham,CHI,21.0,65,14.9,2.5,6.3,0.396,0.6,2.0,0.316,0.6,0.8,0.745,0.3,1.7,2.0,2.2,1.5,0.7,0.1,6.3,-2.2,105.9,113.3,-7.4,0.206,0.018,0.105,0.062,0.447,0.469,0.218,106.08,0.06,2025-26,2026,4.4,1.7999999999999998,1.0,0.20000000000000018,0.09999999999999998,0.29999999999999993,0.1,0.0030000000000000027,-0.03400000000000003,,False,,,,,,
1642266,Ja'Kobe Walter,TOR,21.0,72,20.5,2.5,5.6,0.446,1.5,3.7,0.409,1.0,1.3,0.789,0.8,1.8,2.6,1.2,0.5,1.0,0.2,7.5,0.0,111.6,110.7,0.9,0.079,0.037,0.088,0.062,0.582,0.61,0.136,100.83,0.069,2025-26,2026,-0.6999999999999993,-1.0999999999999996,-0.5,-0.40000000000000013,0.19999999999999996,0.19999999999999996,0.0,-0.04299999999999998,0.08699999999999997,,False,,,,,,
1642267,Bub Carrington,WAS,20.0,82,27.7,3.8,9.0,0.424,2.1,5.0,0.408,1.0,1.4,0.73,0.4,3.0,3.4,4.6,2.3,0.6,0.2,10.7,-9.1,107.3,122.6,-15.3,0.231,0.013,0.104,0.058,0.538,0.556,0.174,103.8,0.072,2025-26,2026,-2.3000000000000007,0.8999999999999986,-0.8000000000000003,0.1999999999999993,0.40000000000000013,-0.09999999999999998,-0.09999999999999998,0.01999999999999999,0.04200000000000004,,False,,,,,,
1642268,Isaiah Collier,UTA,21.0,59,25.7,4.3,8.7,0.495,0.5,1.7,0.27,2.6,3.5,0.722,0.4,2.2,2.5,7.2,2.5,1.1,0.3,11.7,-7.5,109.4,122.6,-13.2,0.404,0.013,0.085,0.048,0.521,0.567,0.204,104.25,0.102,2025-26,2026,-0.1999999999999993,3.0,-0.7999999999999998,0.9000000000000004,-0.09999999999999998,0.20000000000000007,0.09999999999999998,0.017999999999999988,0.07299999999999995,,False,,,,,,
1642269,Devin Carter,SAC,24.0,38,18.4,3.2,7.7,0.414,0.8,3.0,0.263,1.8,2.5,0.713,0.9,2.3,3.3,2.7,1.4,0.9,0.2,8.9,-3.0,111.0,118.3,-7.3,0.209,0.048,0.13,0.088,0.466,0.508,0.226,100.78,0.094,2025-26,2026,7.399999999999999,5.1000000000000005,1.1999999999999997,1.6,0.30000000000000004,0.30000000000000004,0.1,0.056999999999999995,0.03700000000000003,,False,,,,,,
1642270,Donovan Clingan,POR,22.0,77,27.2,4.6,8.9,0.52,1.1,3.2,0.341,1.8,2.6,0.68,4.5,7.1,11.6,2.1,1.2,0.6,1.7,12.1,0.2,113.9,113.8,0.1,0.112,0.149,0.254,0.199,0.582,0.604,0.163,101.86,0.139,2025-26,2026,7.399999999999999,5.6,3.6999999999999993,1.0,0.9000000000000001,0.09999999999999998,0.09999999999999987,0.027999999999999997,0.030000000000000027,,False,,,,,,
1642271,Kyle Filipowski,UTA,22.0,77,23.4,4.2,8.5,0.492,1.0,3.0,0.325,2.1,2.8,0.75,1.9,5.3,7.2,2.6,1.6,0.9,0.5,11.4,-3.3,113.7,120.4,-6.6,0.156,0.076,0.225,0.149,0.548,0.586,0.197,104.07,0.106,2025-26,2026,2.299999999999997,1.8000000000000007,1.1000000000000005,0.7000000000000002,-0.10000000000000009,0.20000000000000007,0.2,0.013000000000000012,-0.008000000000000007,,False,,,,,,
1642272,Jared McCain,OKC,22.0,67,17.3,3.0,7.2,0.425,1.5,3.8,0.385,0.8,0.9,0.864,0.3,1.7,2.0,1.3,0.8,0.5,0.1,8.3,1.9,113.5,108.9,4.6,0.111,0.019,0.092,0.056,0.528,0.551,0.198,102.61,0.079,2025-26,2026,-8.399999999999999,-7.0,-0.3999999999999999,-1.3,-0.7000000000000002,-0.19999999999999996,0.1,-0.044999999999999984,-0.03799999999999992,,False,,,,,,
1642273,Kyshawn George,WAS,22.0,48,29.0,5.3,12.0,0.438,2.1,5.4,0.381,2.2,2.7,0.802,0.9,4.2,5.1,4.5,2.6,1.0,0.9,14.8,-7.4,108.3,119.7,-11.5,0.226,0.028,0.135,0.081,0.524,0.559,0.222,103.49,0.09,2025-26,2026,2.5,6.100000000000001,0.8999999999999995,2.0,0.40000000000000013,0.0,0.20000000000000007,0.066,0.05600000000000005,,False,,,,,,
1642274,Yves Missi,NOP,22.0,66,19.7,2.4,4.5,0.544,0.0,0.0,0.0,0.9,1.5,0.559,2.8,3.1,5.8,1.3,0.8,0.3,1.5,5.7,-0.6,112.7,114.1,-1.3,0.087,0.128,0.147,0.137,0.544,0.556,0.122,100.7,0.087,2025-26,2026,-7.100000000000001,-3.3999999999999995,-2.3999999999999995,-0.09999999999999987,0.0,-0.2,0.19999999999999996,-0.01899999999999999,-0.015999999999999903,,False,,,,,,
1642275,Tidjane Salaün,CHA,20.0,37,15.6,2.2,4.3,0.503,1.0,2.2,0.434,0.7,1.1,0.65,0.7,3.3,4.0,0.7,0.7,0.4,0.2,6.0,-0.1,113.2,111.1,2.1,0.071,0.044,0.205,0.125,0.616,0.629,0.147,99.11,0.102,2025-26,2026,-5.1,0.09999999999999964,-0.7000000000000002,-0.5,0.0,-0.09999999999999998,0.0,-0.0030000000000000027,0.172,,False,,,,,,
1642276,Kel'el Ware,MIA,22.0,77,22.1,4.5,8.4,0.53,1.2,3.0,0.395,0.9,1.2,0.74,2.8,6.2,9.0,0.7,0.8,0.8,1.1,11.1,-0.9,113.1,114.1,-1.0,0.046,0.113,0.247,0.18,0.601,0.616,0.174,105.48,0.137,2025-26,2026,-0.09999999999999787,1.799999999999999,1.5999999999999996,-0.20000000000000007,0.7,0.20000000000000007,0.0,0.004999999999999977,0.013000000000000012,,False,,,,,,
1642277,Johnny Furphy,IND,21.0,35,18.4,2.0,4.3,0.47,0.7,2.0,0.324,0.5,1.0,0.486,0.9,3.5,4.4,1.2,0.8,0.6,0.2,5.1,-1.7,110.1,114.8,-4.6,0.085,0.049,0.191,0.119,0.547,0.547,0.125,102.22,0.066,2025-26,2026,10.799999999999999,2.9999999999999996,3.0000000000000004,0.7999999999999999,0.39999999999999997,0.19999999999999996,0.0,0.007000000000000006,0.041000000000000036,,False,,,,,,
1642278,Tyler Kolek,NYK,25.0,62,11.7,1.7,4.0,0.435,0.7,1.8,0.386,0.2,0.3,0.7,0.3,1.3,1.6,2.7,0.9,0.4,0.1,4.4,1.7,111.7,105.7,6.0,0.328,0.021,0.108,0.064,0.524,0.533,0.173,100.53,0.101,2025-26,2026,4.499999999999999,2.4000000000000004,0.9000000000000001,1.0000000000000002,0.39999999999999997,0.10000000000000003,0.0,0.02099999999999999,0.08000000000000002,,False,,,,,,
1642280,Trentyn Flowers,CHI,21.0,2,2.8,1.0,1.5,0.667,0.0,0.5,0.0,0.0,0.0,0.0,0.5,0.0,0.5,0.5,0.5,0.0,0.0,2.0,-1.0,81.8,100.0,-18.2,0.5,0.1,0.0,0.077,0.667,0.667,0.25,95.14,0.128,2025-26,2026,-1.6000000000000005,0.19999999999999996,-0.19999999999999996,0.5,0.0,0.0,0.0,0.055999999999999994,0.22100000000000003,,False,,,,,,
1642281,Jaylon Tyson,CLE,23.0,66,26.9,5.0,10.2,0.493,2.0,4.5,0.446,1.2,1.6,0.738,1.8,3.3,5.1,2.2,1.5,0.8,0.4,13.2,1.7,117.0,113.4,3.6,0.115,0.064,0.118,0.091,0.592,0.608,0.189,101.39,0.092,2025-26,2026,17.299999999999997,9.6,3.0999999999999996,1.3000000000000003,1.6,0.5,0.30000000000000004,0.024999999999999994,0.08499999999999996,,False,,,,,,
1642282,Hunter Sallis,PHI,23.0,7,3.7,0.4,0.7,0.6,0.0,0.0,0.0,0.1,0.3,0.5,0.0,0.1,0.1,0.6,0.7,0.0,0.1,1.0,-1.9,89.5,112.3,-22.8,0.235,0.0,0.034,0.017,0.6,0.595,0.169,106.57,0.024,2025-26,2026,0.0,0.0,0.0,0.0,0.0,0.0,0.0,0.0,0.0,,False,,,,,,
1642285,Cam Spencer,MEM,26.0,72,23.8,3.7,7.7,0.473,2.0,4.5,0.449,1.8,1.9,0.94,0.6,2.0,2.5,5.6,1.3,0.7,0.2,11.1,-1.2,112.4,116.0,-3.6,0.332,0.022,0.082,0.051,0.604,0.649,0.166,101.59,0.12,2025-26,2026,13.700000000000001,6.8999999999999995,1.3,4.199999999999999,1.2,0.29999999999999993,0.2,0.018000000000000016,0.062000000000000055,,False,,,,,,
1642345,Oso Ighodaro,PHX,23.0,82,22.1,2.9,4.5,0.653,0.0,0.0,0.0,0.6,1.4,0.453,1.7,3.4,5.1,2.3,1.2,0.9,0.7,6.5,2.0,114.8,109.7,5.1,0.139,0.071,0.158,0.113,0.653,0.636,0.12,98.44,0.09,2025-26,2026,5.0,2.3,1.4999999999999996,1.0999999999999999,0.0,0.4,0.19999999999999996,0.017,0.026000000000000023,,False,,,,,,
1642346,Ryan Dunn,PHX,23.0,70,19.4,2.3,5.2,0.453,0.8,2.4,0.331,0.3,0.7,0.489,1.4,2.8,4.2,1.5,0.8,0.9,0.4,5.8,0.1,110.4,108.7,1.7,0.105,0.068,0.142,0.105,0.53,0.532,0.136,98.02,0.081,2025-26,2026,0.29999999999999716,-1.1000000000000005,0.6000000000000001,0.7,-0.30000000000000004,0.30000000000000004,-0.09999999999999998,-0.024999999999999994,0.015000000000000013,,False,,,,,,
1642347,Jamal Shead,TOR,23.0,82,22.6,2.3,6.1,0.367,1.0,3.2,0.321,1.1,1.4,0.784,0.3,1.4,1.7,5.4,1.4,0.9,0.2,6.6,2.8,114.1,108.3,5.8,0.306,0.014,0.064,0.038,0.45,0.491,0.149,100.44,0.078,2025-26,2026,3.0,-0.5,0.19999999999999996,1.2000000000000002,0.0,0.09999999999999998,0.1,-0.03,-0.008000000000000007,,False,,,,,,
1642348,Justin Edwards,PHI,22.0,64,15.3,2.2,5.0,0.447,1.0,2.8,0.372,0.5,0.6,0.846,0.4,1.1,1.5,1.3,0.6,0.8,0.2,6.0,-1.1,111.7,115.0,-3.4,0.114,0.025,0.07,0.047,0.552,0.572,0.154,103.91,0.068,2025-26,2026,-10.899999999999999,-4.1,-1.9,-0.30000000000000004,-0.6000000000000001,-0.19999999999999996,-0.2,-0.01100000000000001,0.0129999999999999,,False,,,,,,
1642349,Ajay Mitchell,OKC,24.0,57,25.8,5.0,10.4,0.485,1.1,3.1,0.347,2.5,2.8,0.87,0.7,2.6,3.3,3.6,1.4,1.2,0.3,13.6,8.8,118.2,102.5,15.6,0.194,0.027,0.093,0.062,0.536,0.585,0.21,102.48,0.116,2025-26,2026,9.2,7.1,1.4,1.8,0.5000000000000001,0.5,0.19999999999999998,0.05099999999999999,-0.0020000000000000018,,False,,,,,,
1642352,Keshad Johnson,MIA,25.0,32,8.7,1.6,3.3,0.49,0.4,1.4,0.295,0.7,0.9,0.724,0.8,1.1,1.9,0.3,0.4,0.5,0.3,4.3,2.8,122.3,109.3,13.0,0.036,0.08,0.12,0.1,0.553,0.582,0.171,109.64,0.083,2025-26,2026,2.5999999999999996,1.5999999999999996,0.09999999999999987,0.0,0.2,0.2,0.0,0.026000000000000023,-0.136,,False,,,,,,
1642353,Cam Christie,LAC,20.0,55,8.7,1.0,2.5,0.381,0.2,0.9,0.245,0.7,0.9,0.76,0.3,1.1,1.4,0.6,0.4,0.3,0.1,2.8,-0.2,107.2,107.8,-0.6,0.097,0.044,0.118,0.084,0.424,0.484,0.168,97.75,0.071,2025-26,2026,4.199999999999999,1.4,0.4999999999999999,0.09999999999999998,0.0,-0.10000000000000003,0.0,-0.023999999999999994,0.135,,False,,,,,,
1642354,KJ Simpson,DEN,23.0,20,12.9,1.7,5.0,0.343,0.6,2.0,0.3,0.6,0.9,0.611,0.5,1.4,1.9,2.2,1.3,0.8,0.0,4.6,-0.1,110.1,110.0,0.0,0.246,0.034,0.112,0.072,0.404,0.426,0.21,100.24,0.065,2025-26,2026,-10.499999999999998,-3.2,-1.1,-0.8999999999999999,-0.30000000000000004,-0.09999999999999998,-0.2,0.021999999999999992,-0.01100000000000001,,False,,,,,,
1642355,Bronny James,LAL,21.0,42,8.9,1.1,2.7,0.409,0.5,1.4,0.386,0.1,0.2,0.857,0.1,0.4,0.5,1.2,0.6,0.5,0.1,2.9,-1.0,106.2,114.2,-8.0,0.195,0.014,0.05,0.032,0.504,0.517,0.163,99.45,0.058,2025-26,2026,2.2,0.6000000000000001,-0.19999999999999996,0.3999999999999999,0.2,0.2,0.0,-0.036000000000000004,0.09300000000000003,,False,,,,,,
1642357,David Jones Garcia,SAS,24.0,11,6.2,1.2,2.3,0.52,0.3,0.5,0.6,0.3,0.5,0.5,0.4,0.8,1.2,1.6,0.5,0.5,0.1,2.9,3.5,123.1,100.0,23.1,0.316,0.06,0.143,0.1,0.58,0.579,0.18,109.45,0.133,2025-26,2026,0.0,0.0,0.0,0.0,0.0,0.0,0.0,0.0,0.0,,False,,,,,,
1642358,AJ Johnson,DAL,21.0,48,9.4,1.2,3.7,0.324,0.3,1.2,0.211,0.7,0.8,0.85,0.3,0.9,1.1,1.0,0.6,0.2,0.1,3.3,-1.1,105.7,112.1,-6.4,0.151,0.027,0.089,0.057,0.358,0.413,0.195,102.05,0.045,2025-26,2026,-12.6,-4.3,-0.8999999999999999,-1.6,-0.5,-0.2,0.0,0.02200000000000002,-0.067,,False,,,,,,
1642359,Pacôme Dadiet,NYK,20.0,29,4.7,0.6,1.7,0.333,0.2,1.1,0.219,0.3,0.4,0.818,0.1,0.8,0.9,0.4,0.1,0.1,0.0,1.7,-0.2,98.6,100.3,-1.7,0.13,0.027,0.156,0.092,0.406,0.454,0.167,101.83,0.085,2025-26,2026,-1.5,0.0,-0.09999999999999998,0.10000000000000003,-0.09999999999999998,-0.1,-0.1,0.025000000000000022,0.008000000000000007,,False,,,,,,
1642362,Payton Sandfort,OKC,23.0,4,15.8,3.3,6.5,0.5,1.8,4.3,0.412,0.5,1.0,0.5,0.3,2.3,2.5,0.0,0.3,0.3,0.0,8.8,-4.8,111.8,125.7,-14.0,0.0,0.014,0.145,0.075,0.635,0.63,0.186,103.07,0.066,2025-26,2026,0.0,0.0,0.0,0.0,0.0,0.0,0.0,0.0,0.0,,False,,,,,,
1642363,Nique Clifford,SAC,24.0,75,25.1,3.3,7.9,0.418,1.0,3.1,0.333,0.9,1.3,0.722,0.9,2.9,3.8,2.4,1.5,0.9,0.3,8.6,-2.9,111.3,115.8,-4.5,0.13,0.034,0.115,0.074,0.482,0.505,0.167,100.77,0.062,2025-26,2026,0.0,0.0,0.0,0.0,0.0,0.0,0.0,0.0,0.0,,False,,,,,,
1642364,Jamir Watkins,WAS,24.0,50,20.6,2.6,5.9,0.446,0.9,3.2,0.297,1.1,1.6,0.695,1.0,2.9,3.9,1.3,0.8,1.1,0.5,7.4,-3.3,109.4,115.8,-6.4,0.089,0.046,0.14,0.092,0.525,0.554,0.148,103.26,0.069,2025-26,2026,0.0,0.0,0.0,0.0,0.0,0.0,0.0,0.0,0.0,,False,,,,,,
1642366,Quinten Post,GSW,26.0,67,17.3,2.9,6.6,0.44,1.4,4.1,0.336,0.5,0.6,0.791,1.0,3.0,4.0,1.4,0.8,0.4,0.5,7.7,0.9,112.4,110.2,2.3,0.116,0.057,0.165,0.111,0.546,0.56,0.183,101.7,0.089,2025-26,2026,1.0,-0.39999999999999947,0.5,0.09999999999999987,-0.30000000000000004,0.0,0.09999999999999998,-0.014000000000000012,-0.03499999999999992,,False,,,,,,
1642367,Jonathan Mogbo,TOR,24.0,40,6.2,0.7,1.1,0.591,0.0,0.0,0.0,0.2,0.4,0.643,0.5,1.2,1.7,0.6,0.4,0.3,0.2,1.5,-1.3,96.3,106.5,-10.2,0.159,0.071,0.193,0.13,0.591,0.608,0.102,103.95,0.101,2025-26,2026,-14.2,-4.7,-3.2,-1.6999999999999997,-0.3,-0.6000000000000001,-0.3,-0.043,0.11199999999999999,,False,,,,,,
1642368,N'Faly Dante,ATL,24.0,4,3.9,0.3,1.0,0.25,0.0,0.0,0.0,0.3,0.3,1.0,0.8,1.0,1.8,0.0,0.3,0.5,0.0,0.8,2.5,109.1,86.7,22.4,0.0,0.167,0.25,0.206,0.25,0.338,0.119,98.08,0.116,2025-26,2026,-8.799999999999999,-5.2,-3.5,-0.5,0.0,0.2,-1.3,-0.014000000000000012,-0.451,,False,,,,,,
1642377,Jaylen Wells,MEM,22.0,69,26.4,4.4,10.1,0.431,1.9,5.3,0.353,1.9,2.5,0.784,0.9,2.3,3.2,1.6,1.1,0.9,0.1,12.5,-2.6,113.4,117.8,-4.4,0.085,0.031,0.086,0.058,0.524,0.559,0.189,102.14,0.069,2025-26,2026,0.5,2.0999999999999996,-0.19999999999999973,-0.09999999999999987,0.19999999999999996,0.30000000000000004,0.0,0.033,-0.0010000000000000009,,False,,,,,,
1642380,Adama Bal,MEM,22.0,8,30.2,3.5,8.5,0.412,2.3,5.5,0.409,1.1,1.3,0.9,0.8,2.4,3.1,2.4,0.8,1.1,0.1,10.4,-20.8,99.6,130.0,-30.3,0.119,0.022,0.08,0.049,0.544,0.573,0.134,105.82,0.052,2025-26,2026,0.0,0.0,0.0,0.0,0.0,0.0,0.0,0.0,0.0,,False,,,,,,
1642382,Branden Carlson,OKC,27.0,42,11.6,2.3,4.4,0.527,0.7,2.0,0.36,0.4,0.6,0.577,0.7,2.3,3.0,0.7,0.4,0.2,0.6,5.8,-0.6,112.6,114.6,-2.0,0.086,0.057,0.182,0.121,0.61,0.613,0.185,102.2,0.109,2025-26,2026,3.8999999999999995,2.0,1.3,0.29999999999999993,0.0,0.0,-0.09999999999999998,0.0,0.03200000000000003,,False,,,,,,
1642383,Walter Clayton Jr.,MEM,23.0,69,20.4,2.6,6.7,0.384,1.1,3.5,0.307,1.6,1.8,0.901,0.4,1.7,2.0,4.0,1.7,0.6,0.3,7.8,-4.1,111.7,121.2,-9.6,0.274,0.017,0.081,0.048,0.465,0.523,0.181,103.23,0.073,2025-26,2026,0.0,0.0,0.0,0.0,0.0,0.0,0.0,0.0,0.0,,False,,,,,,
1642384,Isaiah Crawford,HOU,24.0,14,6.6,0.7,1.7,0.417,0.2,0.9,0.231,0.4,0.4,0.833,0.2,0.9,1.1,0.4,0.3,0.1,0.2,2.0,-0.6,97.3,103.2,-5.9,0.079,0.027,0.133,0.077,0.479,0.526,0.138,97.46,0.087,2025-26,2026,3.5999999999999996,1.1,0.6000000000000001,0.30000000000000004,0.1,0.0,0.1,0.016000000000000014,0.017000000000000015,,False,,,,,,
1642389,Zyon Pullin,MIN,25.0,5,8.5,1.8,2.6,0.692,0.2,0.6,0.333,0.8,0.8,1.0,0.2,0.4,0.6,1.8,0.6,0.2,0.0,4.6,1.2,121.4,118.9,2.5,0.281,0.03,0.035,0.033,0.731,0.779,0.167,108.77,0.11,2025-26,2026,7.6,4.6,0.6,1.8,0.2,0.2,0.0,0.0,0.779,,False,,,,,,
1642396,Blake Hinson,UTA,26.0,14,20.4,4.2,8.2,0.513,2.6,5.6,0.468,0.9,1.1,0.75,0.8,1.6,2.4,1.1,0.4,0.4,0.1,11.9,3.2,114.5,107.8,6.7,0.077,0.035,0.071,0.053,0.674,0.684,0.175,104.01,0.101,2025-26,2026,0.0,0.0,0.0,0.0,0.0,0.0,0.0,0.0,0.0,,False,,,,,,
1642400,Tristan Enaruna,CLE,25.0,9,9.5,1.6,3.1,0.5,0.3,1.1,0.3,0.7,0.9,0.75,0.8,0.8,1.6,0.8,0.3,0.6,0.0,4.1,4.8,123.5,101.7,21.7,0.101,0.096,0.085,0.09,0.554,0.587,0.16,99.8,0.105,2025-26,2026,0.0,0.0,0.0,0.0,0.0,0.0,0.0,0.0,0.0,,False,,,,,,
1642402,Enrique Freeman,MIN,25.0,4,9.3,1.0,2.0,0.5,0.5,1.0,0.5,0.8,1.0,0.75,0.5,2.0,2.5,0.5,0.5,0.5,0.8,3.3,7.0,127.8,103.6,24.2,0.057,0.053,0.174,0.119,0.625,0.666,0.113,112.23,0.091,2025-26,2026,1.1000000000000014,1.1999999999999997,1.1,0.09999999999999998,0.5,0.4,0.7000000000000001,0.0040000000000000036,0.15900000000000003,,False,,,,,,
1642403,Isaac Jones,DET,25.0,7,5.1,0.4,1.0,0.429,0.0,0.3,0.0,0.4,0.6,0.75,0.3,0.4,0.7,0.1,0.1,0.0,0.1,1.3,-3.7,88.9,126.8,-37.9,0.048,0.053,0.088,0.069,0.429,0.514,0.119,96.18,0.036,2025-26,2026,-2.5,-2.0999999999999996,-0.7,-0.19999999999999998,-0.1,-0.1,-0.19999999999999998,-0.033,-0.16400000000000003,,False,,,,,,
1642404,Chaz Lanier,DET,24.0,34,7.7,0.8,2.6,0.315,0.6,2.0,0.284,0.1,0.2,0.833,0.2,0.4,0.7,0.5,0.1,0.2,0.0,2.4,0.2,107.7,105.7,2.0,0.085,0.029,0.055,0.042,0.421,0.436,0.147,102.32,0.045,2025-26,2026,0.0,0.0,0.0,0.0,0.0,0.0,0.0,0.0,0.0,,False,,,,,,
1642419,Jamison Battle,TOR,25.0,61,8.5,1.2,2.4,0.51,0.6,1.4,0.412,0.1,0.2,0.643,0.3,1.1,1.5,0.4,0.3,0.1,0.0,3.1,1.5,112.6,105.9,6.7,0.062,0.04,0.124,0.084,0.631,0.635,0.135,102.08,0.079,2025-26,2026,-9.2,-3.9999999999999996,-1.2000000000000002,-0.5,-1.2000000000000002,-0.19999999999999998,-0.2,-0.011999999999999983,0.04500000000000004,,False,,,,,,
1642434,Riley Minix,CLE,25.0,9,6.5,1.6,2.6,0.609,0.4,1.3,0.333,0.3,0.3,1.0,0.2,0.4,0.7,0.6,0.3,0.2,0.1,3.9,3.6,129.3,108.5,20.8,0.104,0.042,0.066,0.055,0.696,0.72,0.176,108.26,0.114,2025-26,2026,-0.2999999999999998,3.9,-1.3,0.6,0.4,0.2,0.1,0.11299999999999999,0.72,,False,,,,,,
1642443,Jahmir Young,MIA,25.0,14,4.2,0.7,1.8,0.4,0.2,0.6,0.333,0.1,0.1,1.0,0.1,0.1,0.3,0.6,0.2,0.1,0.0,1.8,0.1,113.5,107.9,5.6,0.18,0.028,0.031,0.029,0.46,0.483,0.178,112.17,0.048,2025-26,2026,-0.7000000000000002,0.0,-0.2,-0.4,0.0,0.1,0.0,0.086,-0.45200000000000007,,False,,,,,,
1642449,Tolu Smith,DET,25.0,15,9.2,1.2,2.4,0.5,0.0,0.0,0.0,1.3,2.0,0.667,1.5,1.8,3.3,0.9,0.5,0.1,0.4,3.7,0.0,106.9,104.6,2.3,0.143,0.161,0.211,0.185,0.5,0.569,0.177,97.44,0.117,2025-26,2026,-13.2,-10.3,-4.7,0.9,0.0,0.1,0.4,-0.02300000000000002,-0.1090000000000001,,False,,,,,,
1642450,Daniss Jenkins,DET,24.0,72,20.2,3.2,7.9,0.408,1.0,2.7,0.374,1.9,2.2,0.832,0.7,1.6,2.3,3.9,1.6,0.9,0.2,9.3,2.9,113.2,106.6,6.6,0.27,0.034,0.077,0.055,0.473,0.525,0.209,101.34,0.1,2025-26,2026,17.0,8.3,1.9999999999999998,3.5,0.9,0.9,0.2,-0.02200000000000002,0.203,,False,,,,,,
1642461,Spencer Jones,DEN,25.0,64,22.1,2.1,4.1,0.504,0.9,2.3,0.396,0.5,0.8,0.608,1.2,2.1,3.3,0.8,0.5,0.8,0.5,5.5,0.0,116.9,115.3,1.6,0.047,0.055,0.09,0.073,0.613,0.619,0.097,99.33,0.045,2025-26,2026,15.900000000000002,4.2,2.4,0.5,0.8,0.5,0.2,-0.031,0.251,,False,,,,,,
1642468,Darius Brown II,CLE,26.0,1,2.7,0.0,1.0,0.0,0.0,0.0,0.0,0.0,0.0,0.0,0.0,1.0,1.0,0.0,0.0,0.0,0.0,0.0,-4.0,100.0,180.0,-80.0,0.0,0.0,1.0,0.25,0.0,0.0,0.167,90.0,0.0,2025-26,2026,0.0,0.0,0.0,0.0,0.0,0.0,0.0,0.0,0.0,,False,,,,,,
1642484,RayJ Dennis,ATL,25.0,17,12.1,1.5,4.9,0.313,0.8,2.6,0.311,0.5,0.5,0.889,0.5,1.1,1.5,1.9,1.0,0.2,0.2,4.4,-3.6,95.8,110.0,-14.2,0.26,0.03,0.081,0.053,0.398,0.425,0.195,105.2,0.051,2025-26,2026,5.699999999999999,1.7000000000000002,0.3999999999999999,0.5999999999999999,0.30000000000000004,-0.39999999999999997,0.0,-0.016999999999999987,-0.018000000000000016,,False,,,,,,
1642490,Josh Oduro,NOP,25.0,3,27.3,3.7,5.7,0.647,0.0,0.7,0.0,1.0,2.0,0.5,3.7,4.0,7.7,1.3,0.7,0.0,0.0,8.3,0.3,127.8,124.6,3.2,0.05,0.117,0.136,0.126,0.647,0.636,0.09,110.95,0.05,2025-26,2026,0.0,0.0,0.0,0.0,0.0,0.0,0.0,0.0,0.0,,False,,,,,,
1642502,Malevy Leons,GSW,26.0,25,11.1,1.3,2.9,0.444,0.2,0.6,0.25,0.6,0.8,0.789,1.2,0.9,2.1,0.9,0.5,0.6,0.4,3.3,-3.0,111.6,122.2,-10.6,0.117,0.106,0.089,0.098,0.472,0.516,0.137,99.83,0.062,2025-26,2026,7.6,3.0,1.6,0.7,0.2,0.6,0.4,0.03500000000000002,0.25,,False,,,,,,
1642504,Cormac Ryan,MIL,27.0,11,24.6,4.8,9.3,0.52,2.5,5.4,0.458,2.2,2.4,0.923,0.7,1.8,2.5,1.7,1.5,1.0,0.3,14.3,-1.6,116.0,119.0,-3.1,0.11,0.032,0.078,0.055,0.652,0.692,0.206,96.73,0.104,2025-26,2026,0.0,0.0,0.0,0.0,0.0,0.0,0.0,0.0,0.0,,False,,,,,,
1642530,Yuki Kawamura,CHI,25.0,18,11.6,0.9,2.9,0.327,0.6,2.1,0.297,0.9,1.1,0.895,0.4,1.4,1.8,2.6,0.8,0.5,0.0,3.4,-0.2,111.7,114.0,-2.3,0.266,0.032,0.118,0.074,0.433,0.514,0.133,107.59,0.082,2025-26,2026,7.3999999999999995,1.7999999999999998,1.3,1.7000000000000002,0.3,0.4,0.0,-0.034,-0.016000000000000014,,False,,,,,,
1642843,Cooper Flagg,DAL,19.0,70,33.5,8.0,17.1,0.468,1.0,3.5,0.295,4.0,4.9,0.827,1.2,5.4,6.7,4.5,2.3,1.2,0.9,21.0,-3.8,109.5,114.7,-5.2,0.212,0.035,0.151,0.093,0.498,0.548,0.264,102.96,0.128,2025-26,2026,0.0,0.0,0.0,0.0,0.0,0.0,0.0,0.0,0.0,,False,,,,,,
1642844,Dylan Harper,SAS,20.0,69,22.6,4.8,9.5,0.505,0.9,2.6,0.343,1.3,1.7,0.756,0.8,2.6,3.4,3.9,1.4,0.8,0.3,11.8,4.4,116.9,107.4,9.5,0.246,0.033,0.106,0.07,0.551,0.574,0.211,101.49,0.113,2025-26,2026,0.0,0.0,0.0,0.0,0.0,0.0,0.0,0.0,0.0,,False,,,,,,
1642845,VJ Edgecombe,PHI,20.0,75,35.0,6.0,13.7,0.438,2.0,5.6,0.354,2.0,2.4,0.818,1.6,4.0,5.6,4.2,1.8,1.4,0.5,16.0,0.8,114.8,113.9,0.9,0.172,0.044,0.111,0.077,0.51,0.54,0.196,100.44,0.092,2025-26,2026,0.0,0.0,0.0,0.0,0.0,0.0,0.0,0.0,0.0,,False,,,,,,
1642846,Ace Bailey,UTA,19.0,72,27.6,5.5,12.4,0.443,1.9,5.5,0.344,0.9,1.2,0.75,1.4,2.8,4.2,1.8,1.5,0.8,0.7,13.8,-6.2,109.8,120.4,-10.7,0.098,0.048,0.097,0.072,0.52,0.533,0.21,104.58,0.069,2025-26,2026,0.0,0.0,0.0,0.0,0.0,0.0,0.0,0.0,0.0,,False,,,,,,
1642847,Jeremiah Fears,NOP,19.0,82,25.8,5.3,12.3,0.434,1.2,3.7,0.33,2.4,3.0,0.789,0.7,2.9,3.7,3.4,2.2,1.2,0.4,14.3,-3.5,111.8,118.2,-6.4,0.195,0.026,0.109,0.067,0.485,0.525,0.245,102.98,0.093,2025-26,2026,0.0,0.0,0.0,0.0,0.0,0.0,0.0,0.0,0.0,,False,,,,,,
1642848,Tre Johnson,WAS,20.0,60,24.0,4.5,10.8,0.419,1.9,5.4,0.358,1.3,1.5,0.874,0.5,2.4,2.8,2.0,1.6,0.6,0.3,12.2,-5.6,108.7,119.9,-11.2,0.122,0.018,0.093,0.055,0.508,0.535,0.22,104.38,0.068,2025-26,2026,0.0,0.0,0.0,0.0,0.0,0.0,0.0,0.0,0.0,,False,,,,,,
1642849,Nolan Traore,BKN,20.0,56,22.2,3.3,8.6,0.38,1.1,3.4,0.318,1.3,1.7,0.787,0.3,1.5,1.8,3.8,2.3,0.8,0.4,8.9,-5.0,108.2,118.8,-10.5,0.265,0.011,0.073,0.04,0.444,0.479,0.224,98.4,0.056,2025-26,2026,0.0,0.0,0.0,0.0,0.0,0.0,0.0,0.0,0.0,,False,,,,,,
1642851,Kon Knueppel,CHA,20.0,81,31.5,6.4,13.4,0.475,3.4,7.9,0.425,2.4,2.8,0.863,1.2,4.1,5.3,3.4,2.0,0.7,0.2,18.5,4.0,119.2,113.0,6.2,0.158,0.036,0.128,0.082,0.601,0.633,0.216,99.73,0.115,2025-26,2026,0.0,0.0,0.0,0.0,0.0,0.0,0.0,0.0,0.0,,False,,,,,,
1642852,Derik Queen,NOP,21.0,81,25.0,4.4,9.2,0.473,0.3,1.1,0.261,2.7,3.4,0.795,1.7,5.4,7.1,3.7,2.3,1.0,0.9,11.7,-3.8,112.7,119.4,-6.7,0.208,0.065,0.207,0.136,0.489,0.546,0.214,103.32,0.109,2025-26,2026,0.0,0.0,0.0,0.0,0.0,0.0,0.0,0.0,0.0,,False,,,,,,
1642853,Rasheer Fleming,PHX,21.0,55,12.2,1.6,3.9,0.405,0.8,2.4,0.346,0.3,0.6,0.559,1.0,1.2,2.3,0.3,0.5,0.4,0.4,4.3,1.8,112.7,106.6,6.1,0.033,0.08,0.099,0.089,0.509,0.517,0.159,96.98,0.056,2025-26,2026,0.0,0.0,0.0,0.0,0.0,0.0,0.0,0.0,0.0,,False,,,,,,
1642854,Asa Newell,ATL,20.0,44,11.4,2.1,3.8,0.538,0.7,1.7,0.387,0.4,0.7,0.552,1.0,1.2,2.2,0.6,0.5,0.4,0.3,5.2,-1.0,110.2,114.0,-3.8,0.072,0.078,0.106,0.091,0.624,0.624,0.16,105.72,0.074,2025-26,2026,0.0,0.0,0.0,0.0,0.0,0.0,0.0,0.0,0.0,,False,,,,,,
1642855,Noa Essengue,CHI,19.0,2,3.0,0.0,1.5,0.0,0.0,1.0,0.0,0.0,0.0,0.0,0.0,0.0,0.0,0.0,0.0,0.5,0.0,0.0,-7.5,60.0,171.4,-111.4,0.0,0.0,0.0,0.0,0.0,0.0,0.188,115.36,-0.095,2025-26,2026,0.0,0.0,0.0,0.0,0.0,0.0,0.0,0.0,0.0,,False,,,,,,
1642856,Egor Dëmin,BKN,20.0,52,25.2,3.4,8.6,0.399,2.4,6.2,0.385,1.0,1.3,0.831,0.4,2.8,3.2,3.3,1.7,0.8,0.3,10.3,-3.1,109.5,115.4,-5.9,0.199,0.015,0.116,0.063,0.537,0.561,0.182,99.16,0.081,2025-26,2026,0.0,0.0,0.0,0.0,0.0,0.0,0.0,0.0,0.0,,False,,,,,,
1642857,Kasparas Jakučionis,MIA,20.0,53,17.8,1.9,4.5,0.429,1.2,2.9,0.423,1.1,1.2,0.879,0.8,1.8,2.6,2.6,0.9,0.6,0.1,6.2,1.4,115.9,112.9,3.0,0.178,0.04,0.096,0.067,0.567,0.614,0.129,106.96,0.073,2025-26,2026,0.0,0.0,0.0,0.0,0.0,0.0,0.0,0.0,0.0,,False,,,,,,
1642859,Jase Richardson,ORL,20.0,54,10.9,1.6,3.5,0.473,0.5,1.5,0.354,0.6,0.9,0.717,0.4,0.8,1.2,1.1,0.5,0.4,0.0,4.4,-0.3,111.9,112.8,-0.8,0.145,0.034,0.074,0.053,0.548,0.574,0.162,100.95,0.074,2025-26,2026,0.0,0.0,0.0,0.0,0.0,0.0,0.0,0.0,0.0,,False,,,,,,
1642860,Will Riley,WAS,20.0,74,22.1,3.7,8.4,0.439,1.1,3.3,0.316,1.9,2.4,0.8,0.8,2.1,2.9,2.0,1.3,0.7,0.1,10.3,-6.5,107.3,121.4,-14.1,0.131,0.033,0.097,0.064,0.502,0.548,0.196,103.18,0.08,2025-26,2026,0.0,0.0,0.0,0.0,0.0,0.0,0.0,0.0,0.0,,False,,,,,,
1642862,Liam McNeeley,CHA,20.0,31,11.9,1.2,3.1,0.4,0.8,1.9,0.4,1.0,1.3,0.821,0.4,1.9,2.4,0.8,0.4,0.2,0.1,4.3,0.3,111.5,109.9,1.6,0.096,0.034,0.167,0.098,0.526,0.588,0.144,98.74,0.079,2025-26,2026,0.0,0.0,0.0,0.0,0.0,0.0,0.0,0.0,0.0,,False,,,,,,
1642863,Khaman Maluach,PHX,19.0,46,8.9,1.2,2.3,0.533,0.1,0.5,0.238,0.5,0.7,0.71,1.1,1.8,2.9,0.1,0.5,0.1,0.7,3.0,1.0,106.0,103.5,2.5,0.021,0.107,0.198,0.151,0.557,0.586,0.142,97.92,0.098,2025-26,2026,0.0,0.0,0.0,0.0,0.0,0.0,0.0,0.0,0.0,,False,,,,,,
1642864,Hugo González,BOS,20.0,74,14.6,1.6,3.3,0.476,0.6,1.6,0.362,0.2,0.4,0.5,0.8,2.5,3.3,0.5,0.5,0.6,0.3,3.9,3.3,118.0,106.2,11.9,0.047,0.055,0.158,0.107,0.561,0.561,0.114,97.78,0.067,2025-26,2026,0.0,0.0,0.0,0.0,0.0,0.0,0.0,0.0,0.0,,False,,,,,,
1642866,Joan Beringer,MIN,19.0,40,7.9,1.6,2.5,0.663,0.0,0.0,0.0,0.7,0.9,0.703,1.1,1.2,2.3,0.3,0.3,0.2,0.7,3.9,0.6,117.8,115.5,2.3,0.052,0.141,0.135,0.138,0.663,0.683,0.156,105.74,0.107,2025-26,2026,0.0,0.0,0.0,0.0,0.0,0.0,0.0,0.0,0.0,,False,,,,,,
1642867,Collin Murray-Boyles,TOR,21.0,57,21.9,3.5,6.0,0.579,0.3,0.9,0.34,1.2,1.9,0.657,2.3,2.7,5.0,1.9,1.0,0.9,0.9,8.5,0.8,111.7,109.1,2.6,0.122,0.102,0.121,0.112,0.604,0.621,0.15,99.54,0.098,2025-26,2026,0.0,0.0,0.0,0.0,0.0,0.0,0.0,0.0,0.0,,False,,,,,,
1642868,Carter Bryant,SAS,20.0,71,11.5,1.5,3.7,0.408,0.7,2.2,0.335,0.4,0.6,0.714,0.5,2.0,2.5,0.7,0.5,0.2,0.3,4.2,-0.1,109.1,108.4,0.8,0.08,0.044,0.154,0.1,0.506,0.526,0.158,102.06,0.071,2025-26,2026,0.0,0.0,0.0,0.0,0.0,0.0,0.0,0.0,0.0,,False,,,,,,
1642869,Noah Penda,ORL,21.0,59,12.8,1.4,3.4,0.404,0.5,1.6,0.323,0.6,0.8,0.688,1.1,2.0,3.2,1.2,0.7,0.5,0.3,3.8,-0.9,110.4,113.4,-3.0,0.124,0.081,0.159,0.118,0.478,0.506,0.14,101.42,0.076,2025-26,2026,0.0,0.0,0.0,0.0,0.0,0.0,0.0,0.0,0.0,,False,,,,,,
1642873,Amari Williams,BOS,24.0,22,6.6,0.5,0.9,0.5,0.0,0.0,0.0,0.5,0.6,0.714,0.4,1.4,1.8,0.5,0.5,0.1,0.5,1.4,-2.6,89.0,106.4,-17.4,0.116,0.054,0.187,0.12,0.5,0.573,0.103,102.44,0.079,2025-26,2026,0.0,0.0,0.0,0.0,0.0,0.0,0.0,0.0,0.0,,False,,,,,,
1642874,Danny Wolf,BKN,22.0,57,20.8,3.1,7.7,0.405,1.2,3.7,0.322,1.5,1.9,0.771,1.0,3.9,4.9,2.2,1.3,0.5,0.6,8.9,-4.1,102.9,111.9,-9.0,0.178,0.046,0.195,0.117,0.482,0.521,0.201,98.09,0.096,2025-26,2026,0.0,0.0,0.0,0.0,0.0,0.0,0.0,0.0,0.0,,False,,,,,,
1642875,Maxime Raynaud,SAC,23.0,74,26.5,5.2,9.1,0.571,0.3,1.0,0.324,1.8,2.3,0.786,1.9,5.6,7.5,1.4,1.3,0.5,0.5,12.5,-6.2,110.4,121.3,-10.9,0.074,0.07,0.211,0.14,0.589,0.619,0.178,101.41,0.109,2025-26,2026,0.0,0.0,0.0,0.0,0.0,0.0,0.0,0.0,0.0,,False,,,,,,
1642876,Adou Thiero,LAL,22.0,25,6.0,0.6,1.2,0.516,0.0,0.1,0.333,0.6,0.9,0.636,0.4,0.8,1.1,0.4,0.4,0.3,0.1,1.9,-1.3,109.2,122.4,-13.2,0.094,0.068,0.139,0.104,0.532,0.578,0.143,100.41,0.054,2025-26,2026,0.0,0.0,0.0,0.0,0.0,0.0,0.0,0.0,0.0,,False,,,,,,
1642877,Micah Peavy,NOP,24.0,61,15.0,1.7,4.5,0.385,0.5,1.8,0.259,0.4,0.5,0.759,0.8,1.2,1.9,1.0,0.3,0.7,0.1,4.3,-1.7,110.4,114.5,-4.1,0.089,0.046,0.073,0.059,0.436,0.455,0.135,103.08,0.044,2025-26,2026,0.0,0.0,0.0,0.0,0.0,0.0,0.0,0.0,0.0,,False,,,,,,
1642878,Tyrese Proctor,CLE,22.0,50,10.9,1.9,4.5,0.413,0.9,2.6,0.351,0.8,0.9,0.889,0.2,1.1,1.3,1.5,0.8,0.5,0.0,5.4,-0.1,112.5,112.8,-0.3,0.196,0.019,0.092,0.055,0.516,0.556,0.214,100.87,0.087,2025-26,2026,0.0,0.0,0.0,0.0,0.0,0.0,0.0,0.0,0.0,,False,,,,,,
1642879,Ben Saraf,BKN,20.0,44,20.8,2.7,6.9,0.396,0.4,2.0,0.211,1.7,2.0,0.83,0.5,1.6,2.1,3.3,2.3,0.9,0.2,7.5,-5.4,103.6,116.0,-12.5,0.244,0.021,0.085,0.052,0.427,0.486,0.202,100.13,0.06,2025-26,2026,0.0,0.0,0.0,0.0,0.0,0.0,0.0,0.0,0.0,,False,,,,,,
1642880,Kam Jones,IND,24.0,37,16.7,1.8,4.6,0.402,0.6,2.0,0.293,0.1,0.2,0.5,0.4,1.2,1.6,3.2,1.0,0.5,0.0,4.4,-3.9,106.0,116.0,-10.0,0.262,0.024,0.071,0.048,0.467,0.47,0.141,104.2,0.061,2025-26,2026,0.0,0.0,0.0,0.0,0.0,0.0,0.0,0.0,0.0,,False,,,,,,
1642882,Julian Reese,WAS,23.0,13,30.9,4.8,9.2,0.529,0.0,0.0,0.0,2.2,3.4,0.636,4.2,6.3,10.5,1.8,2.5,1.4,0.6,11.8,-8.6,110.8,122.6,-11.8,0.084,0.133,0.219,0.174,0.529,0.557,0.173,102.52,0.092,2025-26,2026,0.0,0.0,0.0,0.0,0.0,0.0,0.0,0.0,0.0,,False,,,,,,
1642883,Sion James,CHA,23.0,82,22.5,1.7,4.5,0.371,1.0,2.9,0.352,1.0,1.2,0.837,0.6,2.9,3.5,2.0,0.8,0.6,0.2,5.4,0.8,113.2,110.0,3.3,0.121,0.026,0.124,0.075,0.483,0.531,0.109,99.1,0.062,2025-26,2026,0.0,0.0,0.0,0.0,0.0,0.0,0.0,0.0,0.0,,False,,,,,,
1642884,Vladislav Goldin,MIA,25.0,9,2.7,0.3,0.4,0.75,0.0,0.0,0.0,0.1,0.1,1.0,0.3,0.7,1.0,0.3,0.3,0.0,0.3,0.8,0.6,105.2,88.9,16.3,0.136,0.111,0.214,0.164,0.75,0.788,0.101,121.19,0.105,2025-26,2026,0.0,0.0,0.0,0.0,0.0,0.0,0.0,0.0,0.0,,False,,,,,,
1642885,Mohamed Diawara,NYK,21.0,69,9.2,1.3,3.1,0.423,0.7,1.9,0.369,0.3,0.3,0.75,0.2,1.1,1.4,0.8,0.4,0.2,0.1,3.6,0.8,112.0,106.7,5.3,0.114,0.024,0.125,0.075,0.535,0.55,0.169,99.57,0.076,2025-26,2026,0.0,0.0,0.0,0.0,0.0,0.0,0.0,0.0,0.0,,False,,,,,,
1642886,Koby Brea,PHX,23.0,12,7.0,1.3,3.0,0.417,1.1,2.5,0.433,0.2,0.2,1.0,0.1,0.6,0.7,0.8,0.3,0.1,0.0,3.8,-0.4,101.8,106.0,-4.2,0.189,0.012,0.088,0.048,0.597,0.61,0.203,96.15,0.101,2025-26,2026,0.0,0.0,0.0,0.0,0.0,0.0,0.0,0.0,0.0,,False,,,,,,
1642905,Yang Hansen,POR,21.0,43,7.0,0.7,2.3,0.31,0.1,1.0,0.119,0.7,0.8,0.824,0.5,1.1,1.5,0.5,0.7,0.1,0.2,2.2,-2.3,95.1,110.2,-15.1,0.111,0.063,0.139,0.102,0.335,0.413,0.196,104.76,0.027,2025-26,2026,0.0,0.0,0.0,0.0,0.0,0.0,0.0,0.0,0.0,,False,,,,,,
1642907,Cedric Coward,MEM,22.0,62,25.8,4.9,10.5,0.471,1.5,4.4,0.338,2.3,2.7,0.843,1.3,4.5,5.9,2.8,1.7,0.6,0.4,13.6,0.4,113.8,113.5,0.3,0.154,0.05,0.16,0.106,0.542,0.585,0.207,104.31,0.11,2025-26,2026,0.0,0.0,0.0,0.0,0.0,0.0,0.0,0.0,0.0,,False,,,,,,
1642910,John Tonje,BOS,25.0,6,7.0,0.7,2.3,0.286,0.5,1.7,0.3,0.7,0.7,1.0,0.0,1.0,1.0,0.3,0.0,0.3,0.0,2.5,-1.0,106.6,108.4,-1.8,0.083,0.0,0.12,0.067,0.393,0.476,0.157,106.54,0.061,2025-26,2026,0.0,0.0,0.0,0.0,0.0,0.0,0.0,0.0,0.0,,False,,,,,,
1642911,Rocco Zikarsky,MIN,19.0,5,7.3,1.0,1.6,0.625,0.0,0.0,0.0,0.8,0.8,1.0,0.4,2.4,2.8,0.4,0.2,0.0,1.0,2.8,1.4,122.4,116.2,6.2,0.067,0.067,0.245,0.177,0.625,0.717,0.131,98.68,0.151,2025-26,2026,0.0,0.0,0.0,0.0,0.0,0.0,0.0,0.0,0.0,,False,,,,,,
1642914,Javon Small,MEM,23.0,41,20.2,3.3,7.0,0.465,1.5,3.5,0.423,1.7,2.0,0.829,0.9,2.2,3.1,3.7,1.4,0.8,0.2,9.7,-2.6,111.7,117.4,-5.7,0.257,0.04,0.109,0.074,0.569,0.611,0.183,104.37,0.109,2025-26,2026,0.0,0.0,0.0,0.0,0.0,0.0,0.0,0.0,0.0,,False,,,,,,
1642917,Max Shulga,BOS,24.0,11,3.3,0.2,0.7,0.25,0.1,0.4,0.25,0.2,0.2,1.0,0.3,0.3,0.5,0.2,0.3,0.1,0.0,0.6,-0.8,92.4,100.0,-7.6,0.087,0.07,0.083,0.076,0.313,0.394,0.128,106.52,-0.038,2025-26,2026,0.0,0.0,0.0,0.0,0.0,0.0,0.0,0.0,0.0,,False,,,,,,
1642918,Alijah Martin,TOR,24.0,23,6.3,0.7,2.2,0.32,0.2,0.9,0.19,0.7,0.8,0.789,0.4,0.5,0.9,0.5,0.3,0.3,0.2,2.2,-0.6,101.3,107.1,-5.8,0.129,0.053,0.086,0.068,0.36,0.437,0.185,98.07,0.062,2025-26,2026,0.0,0.0,0.0,0.0,0.0,0.0,0.0,0.0,0.0,,False,,,,,,
1642920,Kobe Sanders,LAC,24.0,68,19.9,2.6,5.6,0.466,1.2,2.9,0.408,0.8,1.0,0.826,0.4,1.8,2.3,1.6,1.2,0.7,0.1,7.3,0.5,113.1,112.9,0.2,0.117,0.022,0.088,0.056,0.57,0.597,0.155,99.33,0.062,2025-26,2026,0.0,0.0,0.0,0.0,0.0,0.0,0.0,0.0,0.0,,False,,,,,,
1642928,Dylan Cardwell,SAC,24.0,44,20.6,2.4,4.1,0.587,0.0,0.1,0.5,0.6,1.2,0.51,3.3,4.2,7.5,1.4,0.9,0.7,1.5,5.4,-1.5,108.6,111.1,-2.5,0.095,0.148,0.202,0.174,0.592,0.591,0.108,100.31,0.089,2025-26,2026,0.0,0.0,0.0,0.0,0.0,0.0,0.0,0.0,0.0,,False,,,,,,
1642933,Keshon Gilbert,ATL,23.0,4,18.4,1.3,3.0,0.417,0.0,0.8,0.0,1.8,1.8,1.0,0.5,0.8,1.3,3.0,2.0,0.8,1.0,4.3,-14.5,103.2,141.3,-38.1,0.222,0.028,0.046,0.036,0.417,0.564,0.131,101.16,0.049,2025-26,2026,0.0,0.0,0.0,0.0,0.0,0.0,0.0,0.0,0.0,,False,,,,,,
1642935,Chucky Hepburn,TOR,23.0,2,6.6,0.0,3.0,0.0,0.0,2.5,0.0,0.0,0.0,0.0,0.0,0.5,0.5,1.0,0.5,0.5,0.0,0.0,-8.0,73.1,120.7,-47.6,0.286,0.0,0.067,0.029,0.0,0.0,0.219,99.75,-0.1,2025-26,2026,0.0,0.0,0.0,0.0,0.0,0.0,0.0,0.0,0.0,,False,,,,,,
1642938,Curtis Jones,DEN,24.0,10,8.8,1.1,2.7,0.407,0.6,1.8,0.333,0.1,0.2,0.5,0.2,0.9,1.1,1.0,0.2,0.4,0.0,2.9,2.6,117.9,104.4,13.6,0.147,0.022,0.077,0.053,0.519,0.52,0.142,100.41,0.075,2025-26,2026,0.0,0.0,0.0,0.0,0.0,0.0,0.0,0.0,0.0,,False,,,,,,
1642939,Miles Kelly,DAL,23.0,14,9.6,1.1,3.1,0.364,0.7,2.4,0.303,0.1,0.1,1.0,0.4,1.4,1.7,0.9,0.4,0.3,0.1,3.1,-0.9,101.3,106.5,-5.1,0.133,0.032,0.127,0.078,0.477,0.484,0.144,106.07,0.064,2025-26,2026,0.0,0.0,0.0,0.0,0.0,0.0,0.0,0.0,0.0,,False,,,,,,
1642942,Jahmai Mashack,MEM,23.0,31,21.7,2.5,6.3,0.395,0.6,2.4,0.253,0.6,1.1,0.543,0.7,1.9,2.6,2.2,1.6,1.2,0.5,6.2,-6.8,106.2,120.7,-14.5,0.141,0.031,0.086,0.057,0.444,0.456,0.156,104.0,0.041,2025-26,2026,0.0,0.0,0.0,0.0,0.0,0.0,0.0,0.0,0.0,,False,,,,,,
1642948,Ryan Nembhard,DAL,23.0,60,19.5,2.7,6.5,0.415,0.8,2.3,0.356,0.4,0.5,0.806,0.2,2.0,2.2,5.3,1.4,0.4,0.0,6.6,-0.4,111.2,113.1,-1.9,0.353,0.011,0.095,0.054,0.477,0.492,0.173,101.89,0.087,2025-26,2026,0.0,0.0,0.0,0.0,0.0,0.0,0.0,0.0,0.0,,False,,,,,,
1642949,Yanic Konan Niederhäuser,LAC,23.0,41,10.3,1.6,2.4,0.64,0.0,0.1,0.2,1.1,1.5,0.758,0.9,2.0,2.9,0.3,0.6,0.1,0.7,4.3,0.9,113.9,109.4,4.5,0.041,0.096,0.176,0.14,0.645,0.691,0.153,98.96,0.098,2025-26,2026,0.0,0.0,0.0,0.0,0.0,0.0,0.0,0.0,0.0,,False,,,,,,
1642950,Lachlan Olbrich,CHI,22.0,37,9.3,1.0,2.1,0.468,0.1,0.5,0.105,0.4,1.1,0.375,1.2,1.8,3.0,1.1,0.4,0.3,0.2,2.4,0.7,109.0,106.7,2.3,0.153,0.112,0.174,0.142,0.481,0.47,0.125,105.91,0.074,2025-26,2026,0.0,0.0,0.0,0.0,0.0,0.0,0.0,0.0,0.0,,False,,,,,,
1642951,Sean Pedulla,LAC,23.0,7,4.4,0.7,2.1,0.333,0.4,1.4,0.3,0.0,0.0,0.0,0.0,0.4,0.4,0.7,0.1,0.0,0.0,1.9,-2.9,82.5,112.5,-30.0,0.294,0.0,0.13,0.048,0.433,0.433,0.219,98.32,0.05,2025-26,2026,0.0,0.0,0.0,0.0,0.0,0.0,0.0,0.0,0.0,,False,,,,,,
1642954,Will Richard,GSW,23.0,69,20.0,2.3,5.0,0.468,1.0,3.1,0.335,0.7,0.8,0.852,1.0,1.5,2.5,1.3,0.8,1.2,0.1,6.4,-1.4,110.3,113.6,-3.3,0.094,0.045,0.078,0.061,0.571,0.596,0.123,102.86,0.063,2025-26,2026,0.0,0.0,0.0,0.0,0.0,0.0,0.0,0.0,0.0,,False,,,,,,
1642955,Kadary Richmond,WAS,24.0,3,22.3,3.3,5.3,0.625,0.7,1.3,0.5,1.0,1.0,1.0,0.3,3.0,3.3,2.7,0.7,2.7,0.3,8.3,1.7,110.6,106.6,4.0,0.138,0.016,0.136,0.077,0.688,0.722,0.114,108.86,0.129,2025-26,2026,0.0,0.0,0.0,0.0,0.0,0.0,0.0,0.0,0.0,,False,,,,,,
1642959,Chris Youngblood,POR,24.0,34,5.4,0.6,1.9,0.349,0.5,1.6,0.333,0.3,0.3,0.9,0.2,0.6,0.8,0.4,0.1,0.1,0.1,2.1,0.3,106.6,104.3,2.3,0.092,0.039,0.095,0.07,0.492,0.527,0.162,101.66,0.059,2025-26,2026,0.0,0.0,0.0,0.0,0.0,0.0,0.0,0.0,0.0,,False,,,,,,
1642962,Drake Powell,BKN,20.0,63,20.9,2.3,5.7,0.402,0.8,2.9,0.28,1.1,1.2,0.896,0.3,1.4,1.8,1.4,1.0,0.6,0.2,6.5,-7.1,100.3,116.3,-16.1,0.113,0.016,0.07,0.042,0.473,0.521,0.149,98.56,0.053,2025-26,2026,0.0,0.0,0.0,0.0,0.0,0.0,0.0,0.0,0.0,,False,,,,,,
1642964,Brooks Barnhizer,OKC,24.0,40,8.7,0.7,1.8,0.38,0.2,0.6,0.292,0.2,0.3,0.7,0.5,1.5,2.0,0.6,0.3,0.3,0.1,1.7,-2.6,100.1,114.6,-14.5,0.094,0.049,0.159,0.103,0.43,0.451,0.103,101.34,0.062,2025-26,2026,0.0,0.0,0.0,0.0,0.0,0.0,0.0,0.0,0.0,,False,,,,,,
1642967,John Poulakidas,DAL,23.0,13,19.5,3.0,7.0,0.429,2.4,5.9,0.403,0.5,0.5,0.857,0.3,2.0,2.3,0.8,0.3,0.5,0.3,8.8,-1.2,110.5,112.8,-2.3,0.061,0.014,0.096,0.053,0.599,0.611,0.153,106.25,0.069,2025-26,2026,0.0,0.0,0.0,0.0,0.0,0.0,0.0,0.0,0.0,,False,,,,,,
1643007,Taelon Peter,IND,24.0,38,13.0,1.6,4.2,0.38,1.1,3.3,0.328,0.3,0.4,0.625,0.3,1.3,1.6,1.1,0.7,0.7,0.1,4.5,-2.6,103.2,111.8,-8.7,0.113,0.019,0.096,0.057,0.509,0.518,0.159,105.12,0.057,2025-26,2026,0.0,0.0,0.0,0.0,0.0,0.0,0.0,0.0,0.0,,False,,,,,,
1643016,Bez Mbeng,UTA,23.0,15,32.8,3.3,6.7,0.5,0.4,2.1,0.194,1.1,1.7,0.64,1.2,2.6,3.8,4.1,1.5,2.3,0.3,8.1,-9.9,107.2,120.4,-13.2,0.158,0.032,0.078,0.054,0.53,0.55,0.106,107.42,0.06,2025-26,2026,0.0,0.0,0.0,0.0,0.0,0.0,0.0,0.0,0.0,,False,,,,,,
1643018,LJ Cryer,GSW,24.0,18,16.2,2.6,6.5,0.402,2.1,5.2,0.394,0.9,1.1,0.895,0.2,1.3,1.6,1.0,0.8,0.2,0.0,8.2,0.9,109.2,109.6,-0.4,0.092,0.014,0.084,0.049,0.56,0.59,0.196,99.16,0.07,2025-26,2026,0.0,0.0,0.0,0.0,0.0,0.0,0.0,0.0,0.0,,False,,,,,,
1643024,Chris Mañon,LAL,24.0,9,5.1,0.2,0.7,0.333,0.0,0.3,0.0,0.3,0.4,0.75,0.2,0.9,1.1,0.3,0.1,0.6,0.2,0.8,-0.1,105.2,108.4,-3.3,0.091,0.043,0.14,0.096,0.333,0.451,0.081,99.99,0.086,2025-26,2026,0.0,0.0,0.0,0.0,0.0,0.0,0.0,0.0,0.0,,False,,,,,,
1643047,CJ Huntley,PHX,24.0,4,10.1,1.5,2.8,0.545,0.0,0.8,0.0,0.0,0.0,0.0,0.5,0.8,1.3,0.5,0.0,0.3,0.0,3.0,3.8,122.4,104.7,17.6,0.053,0.053,0.081,0.067,0.545,0.545,0.107,100.99,0.061,2025-26,2026,0.0,0.0,0.0,0.0,0.0,0.0,0.0,0.0,0.0,,False,,,,,,
1643052,Chaney Johnson,BKN,24.0,17,20.4,3.0,5.5,0.543,0.5,1.8,0.3,1.6,2.1,0.8,1.9,2.7,4.6,2.1,1.2,0.9,0.5,8.2,-4.6,107.0,116.0,-9.0,0.165,0.096,0.146,0.12,0.59,0.635,0.16,101.29,0.099,2025-26,2026,0.0,0.0,0.0,0.0,0.0,0.0,0.0,0.0,0.0,,False,,,,,,
1643060,Hayden Gray,UTA,23.0,1,24.8,2.0,3.0,0.667,0.0,1.0,0.0,2.0,2.0,1.0,0.0,0.0,0.0,1.0,1.0,1.0,1.0,6.0,-18.0,103.8,132.7,-29.0,0.05,0.0,0.0,0.0,0.667,0.773,0.079,104.73,0.05,2025-26,2026,0.0,0.0,0.0,0.0,0.0,0.0,0.0,0.0,0.0,,False,,,,,,
1643133,Lawson Lovering,MEM,23.0,2,24.6,3.0,5.0,0.6,0.0,0.0,0.0,1.0,2.5,0.4,3.0,4.5,7.5,1.5,1.0,1.5,0.5,7.0,0.5,110.5,110.6,-0.1,0.07,0.105,0.188,0.143,0.6,0.574,0.106,110.59,0.07,2025-26,2026,0.0,0.0,0.0,0.0,0.0,0.0,0.0,0.0,0.0,,False,,,,,,
1643141,Jahmyl Telfort,LAC,25.0,8,4.0,0.0,0.5,0.0,0.0,0.5,0.0,0.1,0.5,0.25,0.0,0.4,0.4,0.1,0.1,0.1,0.0,0.1,-0.9,94.0,102.9,-8.9,0.05,0.0,0.088,0.047,0.0,0.087,0.093,101.14,-0.064,2025-26,2026,0.0,0.0,0.0,0.0,0.0,0.0,0.0,0.0,0.0,,False,,,,,,
1643158,Andersson Garcia,UTA,25.0,5,33.8,1.8,5.8,0.31,0.2,2.6,0.077,1.4,1.8,0.778,3.4,5.0,8.4,2.8,1.4,1.6,0.8,5.2,-7.4,105.8,115.6,-9.8,0.107,0.089,0.15,0.117,0.328,0.394,0.094,103.68,0.052,2025-26,2026,0.0,0.0,0.0,0.0,0.0,0.0,0.0,0.0,0.0,,False,,,,,,
1643253,Toby Okani,MEM,24.0,6,36.2,4.2,11.7,0.357,1.5,5.2,0.29,0.2,1.3,0.125,1.5,2.0,3.5,1.0,0.5,0.7,0.5,10.0,-22.8,100.0,128.1,-28.1,0.039,0.034,0.053,0.043,0.421,0.408,0.142,106.9,0.013,2025-26,2026,0.0,0.0,0.0,0.0,0.0,0.0,0.0,0.0,0.0,,False,,,,,,
1643257,Jayson Kent,POR,24.0,5,4.5,0.8,1.4,0.571,0.2,0.8,0.25,0.2,0.2,1.0,0.0,1.0,1.0,0.0,0.0,0.2,0.2,2.0,-0.6,86.7,89.4,-2.7,0.0,0.0,0.25,0.128,0.643,0.672,0.137,98.28,0.245,2025-26,2026,0.0,0.0,0.0,0.0,0.0,0.0,0.0,0.0,0.0,,False,,,,,,
